model_no,maker_no,model_name,sort_no
101166,10132,"뉴데일리",
101360,10063,"이비온",
101376,10136,"돌핀",
101263,10134,"쎄아",
100701,10077,"코펜",1
100691,10076,"그랜드 비타라",1
100555,10067,"골프",1
100776,10083,"에스컬레이드",1
100646,10073,4Runner,1
100718,10080,200,1
100707,10079,"로데오",1
100279,10081,"이스케이프",1
100527,10065,"1시리즈",1
101104,10123,540C,1
101045,10122,"툰렌드",1
101101,10121,"모델 3",1
101027,10120,"두에고",1
101025,10119,"CK미니트럭",1
100455,10066,A1,1
101014,10118,"벡트라",1
101002,10116,EQ900,1
100710,10115,xA,1
100569,10114,57,1
100566,10113,"포투",1
100439,10110,DB,1
100470,10109,MDX,1
100464,10108,"가류",1
101143,10111,"조에",1
100236,10060,"소형현대버스",1
100674,10074,"이클립스",1
100684,10075,MX,1
100216,10061,"카고",1
101334,10138,"그레나디어",1
100511,10064,"A 클래스",1
100911,10103,"가야르도",1
101328,10133,"폴스타4",1
100239,10062,"스파크",1
100937,10106,147,1
100934,10105,EB110,1
101138,10063,"쎄보모빌리티",1
100925,10104,"그란스포츠",1
101096,10102,124,1
100888,10101,"미니",1
100877,10099,"컨티넨탈",1
100855,10097,"쿠퍼",1
100878,10100,2-Eleven,1
100863,10098,"디스커버리",1
100274,10057,"마티즈",1
100892,10094,107,1
100993,10093,9-3,1
101068,10096,E-PACE,1
100703,10078,"레거시",1
100479,10095,C2,1
101368,10086,"허머 EV",1
101046,10059,"코란도",1
100798,10087,"벤츄라",1
100833,10090,"그랑프리",1
101362,10058,"세닉",1
101144,10091,"글래디에이터",1
101315,10117,"스펙터",1
101372,10107,"12칠린드리",1
100974,10092,C30,1
100831,10089,"브라바다",1
100823,10088,"르사블",1
101264,10135,"카고(소형)",1
101329,10137,Tx,1
100581,10070,CR-V,1
100811,10085,"니트로",1
100721,10069,CT,1
100438,10056,K3,1
101340,10136,"아토3",1
100280,10072,Q,1
100283,10084,"타호",1
101108,10125,D2,1
100757,10082,MKC,1
100217,10055,"그랜저",1
100604,10071,"로그",1
101036,10068,718,1
101080,10124,K01,1
100587,10070,"댓츠",10
101305,10135,"냉동탑(저상)",10
101157,10076,"이그니스",10
100683,10074,"파제로",10
101257,10077,"캐스트",10
100980,10092,S90,10
101175,10064,EQA,10
100650,10073,"라브4",10
100966,10107,550,10
100805,10087,"캐니언",10
100901,10094,308,10
100886,10075,CX-7,10
100351,10061,"활어차",10
100946,10106,"스파이더",10
100390,10055,"제네시스",10
101139,10068,"타이칸",10
100445,10083,CTS,10
101331,10058,"그랑 콜레오스",10
100362,10059,"이스타나",10
100742,10081,"머스탱",10
101062,10062,"이쿼녹스",10
100613,10071,"블루버드",10
100486,10095,XM,10
100288,10057,"르망",10
100729,10080,"세브링",10
100785,10084,"에퀴녹스",10
101239,10063,"제이스 모빌리티",10
100436,10056,"레이",10
100931,10104,MC12,10
100550,10067,"페이튼",10
100973,10102,"프리몬트",10
100494,10085,"차저",10
100504,10111,"모뒤스",10
100577,10069,NX,10
100535,10065,X1,10
101115,10123,GT,10
101006,10109,ILX,10
101231,10066,Q4,10
100489,10096,XK,10
100765,10082,"타운카",10
100579,10069,RC,11
100851,10096,"다임러",11
101079,10058,"마스터",11
101037,10074,"아이",11
100450,10066,Q5,11
100544,10067,"폴로",11
100887,10075,CX-9,11
101055,10123,MP4-12C,11
101097,10056,"셀토스",11
100487,10095,"잔티아",11
100653,10073,"랜드크루저",11
101233,10064,EQB,11
100282,10059,"카리스타",11
101093,10082,"노틸러스",11
100564,10068,"파나메라",11
100820,10085,"챌린저",11
101298,10135,"냉동탑파워게이트",11
100352,10057,"레간자",11
100394,10055,i30,11
100786,10084,"체비밴",11
101370,10111,"탈리스만",11
100586,10070,"델솔",11
100902,10094,3008,11
100967,10107,575M,11
100981,10092,V40,11
100947,10106,"줄리아",11
100357,10061,"특수",11
100769,10083,CTS-V,11
101091,10065,X2,11
100614,10071,"세드릭",11
101103,10062,"트래버스",11
101224,10104,MC20,11
100730,10080,"스트라투스",11
100743,10081,"몬데오",11
100806,10087,"터레인",11
100770,10083,DTS,12
101354,10066,Q6,12
101277,10135,"냉장탑",12
101313,10123,"아투라",12
101344,10073,"마크X",12
100968,10107,599,12
100948,10106,"줄리에타",12
100932,10104,"3200 GT",12
100852,10096,"소버린",12
100982,10092,V50,12
100821,10085,"캐러밴",12
100903,10094,405,12
100578,10069,RX,12
100787,10084,"카마로",12
101133,10070,"라이프",12
101112,10064,EQC,12
100744,10081,"브롱코",12
101130,10082,"코세어",12
100731,10080,"시러스",12
101034,10075,"베리사",12
100552,10067,"투아렉",12
100423,10055,i40,12
100402,10056,"스포티지",12
100615,10071,"세피로",12
101316,10058,"아르카나",12
100392,10057,"레조",12
101118,10062,"트레일블레이저",12
100536,10065,X3,12
101061,10055,"넥쏘",13
100654,10073,"매트릭스",13
100732,10080,"이글탈론",13
100745,10081,"썬더버드",13
101324,10056,EV3,13
100771,10083,SRX,13
100537,10065,X4,13
100588,10070,"레전드",13
100788,10084,"콜벳",13
101219,10058,"조에",13
100452,10066,Q7,13
101325,10069,RZ,13
100904,10094,406,13
100359,10057,"매그너스",13
101349,10123,"세나",13
100822,10085,"캘리버",13
100983,10092,V60,13
101243,10064,EQE,13
101308,10135,"냉장탑(하이)",13
100616,10071,"센트라",13
100933,10104,"4200 GT",13
100949,10106,4C,13
100969,10107,612,13
100319,10062,"카마로",13
101111,10075,MPV,13
101169,10067,"사란",13
101149,10080,"프라울러",14
101299,10135,"냉장탑파워게이트",14
100746,10081,"윈드스타",14
101347,10056,EV4,14
101073,10107,812,14
100538,10065,X5,14
100905,10094,407,14
100772,10083,STS,14
100589,10070,"리지라인",14
101242,10075,"비안테",14
100617,10071,"스카이라인",14
101107,10062,"콜로라도",14
100789,10084,"콜로라도",14
101135,10058,"캡처",14
101126,10066,Q8,14
100655,10073,"벤자",14
100424,10055,"맥스크루즈",14
101225,10064,EQS,14
100984,10092,V70,14
100407,10057,"베리타스",14
100547,10067,"시로코",14
100950,10106,8C,14
100580,10069,SC,14
100790,10084,HHR,15
101361,10073,"벨파이어",15
100343,10062,"콜벳",15
100618,10071,"시마",15
101089,10069,UX,15
100590,10070,"비트",15
100324,10064,"G 클래스(G 바겐)",15
101153,10067,"티록",15
100539,10065,X6,15
100375,10057,"브로엄",15
101358,10056,EV5,15
101063,10058,"클리오",15
101099,10055,"베뉴",15
100447,10066,R8,15
100733,10080,"퍼시피카",15
100747,10081,"이코노라인",15
100773,10083,XLR,15
101067,10092,V90,15
101261,10094,408,15
100958,10107,F12,15
101280,10135,"보냉탑",15
101088,10065,X7,16
100956,10107,F355,16
100334,10064,"GL 클래스",16
101180,10083,XT4,16
101247,10066,RS3,16
100336,10057,"씨에로",16
100619,10071,"실비아",16
100656,10073,"세콰이어",16
101042,10058,"트위지",16
100906,10094,508,16
101276,10135,"냉온장탑",16
101167,10056,EV6,16
101215,10062,"타호",16
100399,10055,"베라쿠르즈",16
101059,10070,"스텝웨건",16
100545,10067,EOS,16
100734,10080,"캐러밴",16
100791,10084,SSR,16
100749,10081,"익스피디션",16
101084,10092,XC40,16
101248,10066,RS4,17
101283,10135,"윙바디",17
100792,10084,S-10,17
100553,10067,"보라",17
100750,10081,"컨투어",17
100985,10092,XC60,17
101035,10083,XT5,17
100421,10055,"벨로스터",17
101060,10094,5008,17
100591,10070,"스트림",17
101258,10056,EV9,17
100953,10107,F40,17
100383,10057,"스테이츠맨",17
101131,10065,X3M,17
100735,10080,"콩코드",17
100658,10073,"셀리카",17
100523,10064,"GLA 클래스",17
101371,10058,"필랑트",17
100620,10071,"알마다",17
100751,10081,"쿠가",18
100907,10094,607,18
101127,10083,XT6,18
101249,10066,RS5,18
100380,10057,"아카디아",18
101359,10056,PV5,18
100957,10107,F430,18
101132,10065,X4M,18
100736,10080,"크로스파이어",18
100592,10070,"시빅",18
101300,10135,"윙바디파워게이트",18
100621,10071,"알티마",18
101105,10067,"아틀라스",18
101323,10084,"트랙스",18
100520,10055,"솔라티",18
101140,10064,"GLB 클래스",18
100986,10092,XC70,18
100659,10073,"소아라",18
100593,10070,"어코드",19
100987,10092,XC90,19
101070,10083,XTS,19
100657,10073,"솔라라",19
100793,10084,"트랙커",19
100908,10094,807,19
100954,10107,F50,19
100722,10064,"GLC 클래스",19
100737,10080,"타운앤컨트리",19
100341,10057,"에스페로",19
101136,10065,X5M,19
100871,10056,"니로",19
100622,10071,"엑스테라",19
100446,10055,"아슬란",19
101250,10066,RS6,19
100752,10081,"파이브 헌드레드",19
100870,10067,"루탄",19
101285,10135,"파워게이트",19
100346,10057,"라세티",2
100526,10080,300C,2
100708,10079,"비크로스",2
100551,10067,"티구안",2
100510,10077,"웨이크",2
100528,10065,"2시리즈",2
101272,10135,"내장탑",2
101221,10133,"폴스타2",2
100278,10066,A3,2
101116,10125,D2C,2
101081,10124,C31,2
100647,10073,86,2
101051,10123,570GT,2
101044,10121,"모델 S",2
101026,10119,"CK미니밴",2
101015,10118,"비타",2
101008,10117,"고스트",2
101049,10116,G70,2
100276,10060,"소형기아버스",2
100711,10115,xB,2
100570,10114,62,2
100269,10061,"탑차/윙바디",2
100567,10113,"포포",2
100440,10110,DBS,2
100471,10109,RSX,2
100465,10108,"누에라",2
101172,10063,SMART,2
101129,10111,"캡처",2
100293,10081,"익스플로러",2
100517,10064,"B 클래스 (MY B)",2
100685,10075,RX,2
100692,10076,"사이드킥",2
101373,10107,"아말피",2
100938,10106,156,2
100912,10103,"디아블로",2
100329,10058,QM3,2
100675,10074,3000GT,2
100935,10105,"베이론",2
100927,10104,"그란투리스모",2
100572,10069,ES,2
100454,10059,"티볼리",2
100331,10062,"말리부",2
100917,10102,500,2
100889,10101,MGF,2
101192,10099,"플라잉스퍼",2
100856,10097,"쿠퍼 컨버터블",2
101337,10100,"에미라",2
100864,10098,"디스커버리 스포츠",2
101020,10096,F-PACE,2
100480,10095,C3,2
100994,10093,9-5,2
100294,10072,QX,2
100893,10094,1007,2
101375,10083,"비스틱",2
100842,10091,"랭글러",2
100834,10090,"그랜드 앰",2
100799,10087,"사바나",2
101234,10092,"C40 리차지",2
100828,10089,"실루엣",2
100824,10088,"리갈",2
100582,10070,CR-Z,2
100812,10085,"다코타",2
100435,10056,K5,2
100808,10086,H1,2
100556,10068,911,2
100315,10055,"쏘나타",2
101314,10136,T4K,2
100758,10082,MKS,2
100605,10071,"로렐",2
100777,10084,"루미나",2
100704,10078,"아웃백",2
100909,10094,RCZ,20
101137,10065,X6M,20
101214,10066,RS7,20
100797,10064,"GLE 클래스",20
100753,10081,"프로브",20
100794,10084,"트럭밴",20
100660,10073,"수프라",20
100988,10092,740,20
101301,10135,"트랜스/와이드파워게이트",20
100623,10071,"엘그란드",20
100774,10083,"드빌",20
101100,10107,F8,20
100594,10070,"엘리먼트",20
100374,10056,"로체",20
100554,10067,"벤토",20
101156,10055,"아이오닉 5",20
100363,10057,"젠트라",20
100624,10071,"윙로드",21
100795,10084,"픽업트럭",21
101287,10067,"마이크로버스",21
100338,10064,"GLK 클래스",21
100910,10094,"익스퍼트",21
100367,10057,"칼로스",21
100754,10081,"프리스타일",21
100952,10107,FF,21
101260,10065,XM,21
101253,10066,RSQ8,21
100989,10092,760,21
101048,10056,"스토닉",21
101335,10083,"리릭",21
100595,10070,"오딧세이",21
101223,10055,"아이오닉 6",21
100717,10073,"시에나",21
101278,10135,"다용도탑",21
101041,10056,"스팅어",22
100775,10083,"스빌",22
101246,10066,S3,22
100951,10107,"GTC4 루쏘",22
100532,10065,Z3,22
101024,10064,"GLS 클래스",22
101003,10073,"시엔타",22
100379,10057,"토스카",22
101284,10135,"택배전용탑차",22
101342,10055,"아이오닉 9",22
100625,10071,"쥬크",22
100755,10081,"퓨전",22
101317,10067,"캘리포니아",22
100990,10092,850,22
100596,10070,"인사이트",22
101279,10135,"미닫이탑차",23
101114,10107,SF90,23
100347,10064,"M 클래스",23
100460,10073,"아발론",23
100626,10071,"캐시카이",23
101318,10067,"멀티밴",23
100433,10056,"쏘울",23
100720,10055,"아이오닉",23
101032,10081,"트랜짓",23
100991,10092,940,23
101165,10083,"컨코어",23
100255,10057,"티코",23
100533,10065,Z4,23
101227,10066,S4,23
100597,10070,"인스파이어",23
100992,10092,960,24
100387,10056,"오피러스",24
100627,10071,"퀘스트",24
101056,10081,E-Series,24
100292,10055,"에쿠스",24
101098,10073,"아이고",24
101222,10066,S5,24
101302,10135,"접이식탑차",24
100972,10107,"라페라리",24
100354,10064,"R 클래스",24
100373,10057,"프린스",24
100598,10070,"인테그라",24
100534,10065,Z8,24
101355,10067,"업",24
101365,10073,"아이시스",25
101065,10081,KA,25
101268,10135,"덤프",25
100516,10064,"S 클래스",25
100411,10056,"카렌스",25
100599,10070,"크로스로드",25
100456,10065,i3,25
101128,10107,"로마",25
101245,10066,S6,25
101338,10057,"슈퍼살롱",25
100342,10055,"엑센트",25
100628,10071,"큐브",25
100432,10056,"포르테",26
100512,10064,"SL 클래스",26
101173,10055,"캐스퍼",26
100600,10070,"크로스투어",26
100232,10092,"볼보",26
101171,10081,"피에스타",26
101265,10135,"활어차",26
100629,10071,"타이탄",26
101216,10065,i4,26
101213,10066,S7,26
100970,10107,"엔초페라리",26
100664,10073,"알테자",26
101303,10081,"플렉스",27
100395,10055,"갤로퍼",27
100309,10056,"프라이드",27
101058,10073,"알파드",27
100601,10070,"파일럿",27
100971,10107,"캘리포니아",27
101266,10135,"캠핑",27
101236,10066,S8,27
101030,10064,"SLC 클래스",27
100630,10071,"타아나",27
101309,10065,i5,27
101251,10066,SQ5,28
100413,10055,"그레이스",28
100602,10070,"패스포트",28
101241,10065,i7,28
100518,10064,"SLK 클래스",28
100417,10056,"봉고3미니버스",28
100661,10073,"야리스(비츠)",28
101281,10135,"시티밴",28
101074,10107,"포르토피노",28
100631,10071,"패스파인더",28
101333,10107,"푸로산게",29
100632,10071,"푸가",29
100396,10056,"레토나",29
101282,10135,"워크스루밴",29
100271,10055,"다이너스티",29
100522,10064,SLR,29
101321,10073,"에스티마",29
101353,10066,SQ6,29
100603,10070,"프렐류드",29
100457,10065,i8,29
100995,10093,"터보-X",3
100514,10064,"C 클래스",3
100524,10065,"3시리즈",3
100495,10066,A4,3
100715,10060,"소형선롱버스",3
100285,10061,"로리",3
100297,10062,"크루즈",3
101152,10063,MASTA,3
100397,10057,"윈스톰",3
100310,10058,QM5,3
100573,10069,GS,3
100686,10075,"MAZDA 3",3
100434,10056,K7,3
100557,10068,928,3
100325,10055,"아반떼",3
100705,10078,"포레스터",3
100723,10080,300M,3
100748,10081,"익스플로러 스포츠트랙",3
100549,10067,CC,3
100693,10076,"스위프트",3
100709,10079,"트루퍼",3
100353,10059,"렉스턴",3
100766,10083,ATS,3
100778,10084,"벤처",3
100606,10071,"리프",3
100759,10082,MKT,3
100809,10086,H2,3
100641,10072,G,3
100696,10077,"마테리아",3
100813,10085,"듀랑고",3
100825,10088,"리비에라",3
100832,10089,"알레로",3
100975,10092,C70,3
100800,10087,"사파리",3
100835,10090,"보네빌",3
100491,10091,"레니게이드",3
100894,10094,205,3
100481,10095,C4,3
101357,10136,SEAL,3
100848,10096,F-TYPE,3
100860,10097,"컨트리맨",3
100865,10098,"디펜더",3
100879,10100,"에보라",3
101071,10099,"벤테이가",3
100890,10101,75,3
100918,10102,500X,3
100926,10104,"그란카브리오",3
100936,10105,"시론",3
100916,10103,"레벤톤",3
100939,10106,159,3
101311,10107,296,3
100466,10108,"라세드",3
100472,10109,TL,3
101121,10110,DBX,3
100497,10111,"라구나",3
100568,10113,"로드스터",3
100712,10115,xD,3
101001,10116,G80,3
101009,10117,"팬텀",3
101016,10118,"스피드스터",3
101039,10119,"켄보",3
101072,10121,"모델 X",3
101050,10123,570S,3
100648,10073,"FJ크루져",3
101082,10124,C32,3
101122,10125,D2P,3
101306,10135,"내장탑(하이-익스)",3
100676,10074,FTO,3
100513,10064,"SLS AMG",30
101327,10073,"에스콰이어",30
100633,10071,"프레리",30
101326,10066,SQ7,30
101364,10070,"프리드",30
100345,10055,"라비타",30
101262,10065,iX1,30
100273,10056,"리오",30
101286,10135,"호로차",30
101270,10135,"홈로리/유조/이동주유",31
100398,10056,"록스타",31
101004,10064,"AMG GT",31
101252,10066,SQ8,31
101356,10065,iX2,31
100634,10071,"프레지던트",31
100662,10073,"위시",31
100302,10055,"마르샤",31
100291,10066,TT,32
100415,10056,"베스타",32
101217,10065,iX3,32
101292,10135,"크레인",32
100665,10073,"체이서",32
100519,10064,"V 클래스",32
100635,10071,"프론티어",32
100333,10055,"베르나",32
101033,10073,"칼디나",33
101289,10135,"바가지차",33
100425,10056,"복사",33
100636,10071,"휘가로",33
101218,10065,iX,33
100384,10055,"아토스",33
100796,10064,"스프린터",33
101255,10066,TTRS,33
101043,10065,"M 쿠페",34
101267,10135,"고소작업차",34
100461,10073,"캠리",34
101254,10066,TTS,34
100377,10055,"엘란트라",34
100355,10056,"비스토",34
100637,10071,SX,34
101162,10064,"유니목",34
101134,10066,"e-트론",35
100666,10073,"코롤라",35
101290,10135,"사다리차",35
100401,10055,"싼타모",35
100638,10071,Z,35
100230,10064,"벤츠(구형)",35
100335,10056,"세피아",35
100639,10071,GT-R,36
100370,10055,"스텔라",36
100339,10056,"슈마",36
101189,10066,"e-트론 GT",36
100670,10073,"크라운",36
101291,10135,"집게차",36
100671,10073,"타코마",37
101271,10135,"압축진개",37
100240,10056,"스펙트라",37
100640,10071,NV,37
100366,10055,"스쿠프",37
101256,10066,"RS e-트론 GT",37
100376,10055,"엑셀",38
100316,10066,"올로드콰트로",38
100348,10056,"쎄라토",38
100667,10073,"툰드라",38
101288,10135,"버큠로리",38
101090,10071,"엑스트레일",38
100290,10056,"아벨라",39
100668,10073,"파쏘",39
101269,10135,"렉카/셀프로더",39
100356,10055,"클릭",39
100724,10080,LHS,4
100687,10075,"MAZDA 5",4
100760,10082,MKX,4
100779,10084,"블레이저",4
100767,10083,ATS-V,4
100706,10078,"임프레자",4
100308,10081,"토러스",4
100416,10055,"스타렉스",4
101232,10067,ID.4,4
101095,10079,"엘프",4
100559,10068,944,4
100697,10077,"미라",4
101304,10135,"내장탑(저상)",4
100814,10085,"램밴",4
100642,10072,M,4
100453,10066,A5,4
101083,10124,C35,4
100649,10073,MR,4
101102,10123,600LT,4
101155,10121,"모델 Y",4
101017,10118,"아스트라",4
100677,10074,GTO,4
101076,10117,"컬리넌",4
100473,10109,TSX,4
101078,10116,G90,4
100275,10064,"CL 클래스",4
100318,10060,"중형현대버스",4
101154,10056,K8,4
100713,10115,tC,4
100299,10061,"덤프",4
100498,10111,"메간",4
100583,10070,Fit,4
100441,10110,"밴티지",4
100305,10062,"올란도",4
101029,10088,"엔클레이브",4
100467,10108,"뷰트",4
101228,10063,"비바모빌리티",4
100829,10089,"오로라",4
100694,10076,"알토라팡",4
100386,10057,"다마스",4
101343,10092,EX30,4
100960,10107,348,4
100940,10106,164,4
101310,10104,"그레칼레",4
100915,10103,"무르시엘라고",4
100801,10087,"소노마",4
100529,10065,"4시리즈",4
100836,10090,"선파이어",4
101000,10058,QM6,4
100607,10071,"마치",4
101319,10105,"디보",4
100574,10069,GX,4
100847,10091,"리버티",4
101220,10059,"토레스",4
100919,10102,"란치아",4
100895,10094,206,4
100880,10100,"에스프리",4
100810,10086,H3,4
100482,10095,C5,4
100872,10099,"뮬산",4
100866,10098,"레인지로버",4
101352,10097,"에이스맨",4
101094,10096,I-PACE,4
100996,10093,900,4
101363,10136,"씨라이언 7",4
100393,10056,"엑스트렉",40
100412,10055,"테라칸",40
100669,10073,"포르테",40
101374,10135,"재활용수거차량",40
101117,10073,"프리비아",41
100385,10056,"엔터프라이즈",41
101274,10135,"특수(푸드/스넥/이동판매)",41
100388,10055,"투스카니",41
100462,10073,"프리우스",42
100409,10055,"트라제XG",42
100381,10056,"엘란",42
101293,10135,"특수(운전교습)",42
100378,10056,"옵티마",43
100361,10055,"티뷰론",43
100672,10073,"하이랜더",43
101294,10135,"특수(이동광고/홍보)",43
100365,10055,"포니",44
101350,10135,"특수(소형트레일러)",44
100414,10056,"카스타",44
101205,10073,"하이에이스",44
100327,10056,"캐피탈",45
100419,10055,"리베로",45
101295,10135,"특수(기타)",45
100673,10073,"해리어",45
100369,10056,"콩코드",46
100382,10055,"프레스토",46
100372,10056,"크레도스",47
101238,10055,"블루온",47
101345,10056,"타스만",48
100364,10056,"타우너",49
101052,10123,650S,5
100826,10088,"테라자",5
100468,10108,"오로치",5
100350,10062,"트랙스",5
100474,10109,"인테그라",5
101190,10116,GV60,5
101038,10070,HR-V,5
100437,10056,K9,5
101191,10095,C6,5
100442,10110,"뱅퀴시",5
100499,10111,"세닉",5
100768,10083,BLS,5
100326,10060,"중형기아버스",5
100311,10061,"트랙터",5
100608,10071,"맥시마",5
101351,10067,ID.5,5
100859,10097,"클럽맨",5
100868,10098,"레인지로버 이보크",5
100320,10081,"포커스",5
100896,10094,207,5
100725,10080,"PT크루저",5
100874,10099,"아르나지",5
100403,10055,"싼타페",5
101296,10135,"내장탑파워게이트",5
100560,10068,968,5
100920,10102,"멀티피아",5
101007,10078,R1,5
101366,10103,"시안",5
100698,10077,"무브",5
101330,10091,"어벤저",5
100997,10093,9000,5
100289,10064,"CLA 클래스",5
100678,10074,RVR,5
100571,10069,IS,5
100540,10066,A6,5
100815,10085,"램픽업",5
100268,10058,SM3,5
100509,10072,I,5
101320,10105,"센토디에치",5
100837,10090,"솔스티스",5
100780,10084,"서버밴",5
100929,10104,"기블리",5
100850,10096,S-TYPE,5
101110,10124,SX6,5
100688,10075,"MAZDA 6",5
100941,10106,166,5
100761,10082,MKZ,5
100881,10100,"엑시지",5
100525,10065,"5시리즈",5
101367,10092,EX40,5
100961,10107,360,5
100802,10087,"시에라",5
100651,10073,WiLL,5
101346,10121,"사이버트럭",5
100410,10057,"알페온",5
100340,10059,"액티언",5
100714,10076,"알토",5
100830,10089,"커트라스",5
101086,10063,"대창모터스",5
101018,10118,"코르사",5
101011,10117,"레이스",5
100429,10056,"타이탄",50
100420,10056,"토픽",51
100431,10056,"파크타운",52
100391,10056,"포텐샤",53
100422,10056,"프레지오",54
100546,10067,"제타",6
100609,10071,"모코",6
100838,10090,"파이어버드",6
100530,10065,"6시리즈",6
100679,10074,"랜서",6
100644,10072,FX,6
100695,10076,"짐니",6
100443,10110,"라피드",6
101312,10064,"CLE 클래스",6
101142,10083,CT4,6
100469,10108,"히미코",6
100500,10111,"클리오",6
100913,10103,"아벤타도르",6
100738,10081,F-Series,6
100296,10060,"중형대우버스",6
100321,10061,"트레일러",6
101113,10124,"펜곤 ix5",6
101148,10116,GV70,6
100408,10056,"카니발",6
100652,10073,bB,6
100251,10059,"체어맨",6
101336,10100,"엘레트라",6
100897,10094,208,6
101023,10104,"르반떼",6
100858,10097,"쿠페",6
100827,10088,"파크애비뉴",6
100867,10098,"레인지로버 스포츠",6
100475,10109,CL,6
100756,10082,LS,6
100406,10057,G2X,6
100689,10075,"유노스",6
100405,10055,"투싼",6
100875,10099,"아주르",6
101064,10069,LC,6
101019,10118,"티그라",6
100726,10080,"네온",6
101297,10135,"익스(하이)내장탑파워게이트",6
100942,10106,GT,6
100849,10096,X-TYPE,6
101240,10063,"디피코",6
101092,10078,BRZ,6
100843,10091,"체로키",6
100565,10068,"마칸",6
100921,10102,"바르게타",6
101054,10123,675LT,6
100699,10077,"분",6
100998,10093,9-4X,6
101377,10087,"아카디아",6
100483,10095,DS3,6
100976,10092,S40,6
100962,10107,456,6
100284,10058,SM5,6
100816,10085,"매그넘",6
100781,10084,"실버라도",6
100505,10070,N-BOX,6
100328,10062,"캡티바",6
100542,10066,A7,6
101010,10117,"던",6
100898,10094,2008,7
100680,10074,"랜서에볼루션",7
100490,10096,XE,7
100306,10060,"중형쌍용버스",7
100857,10097,"로드스터",7
101022,10080,"뉴요커",7
100484,10095,DS4,7
100876,10099,"에이트",7
101226,10097,"쿠퍼 일렉트릭",7
101057,10098,"레인지로버 벨라",7
100882,10100,"엘리스",7
101332,10069,LM,7
100541,10066,A8,7
100839,10090,"피에로",7
100610,10071,"무라노",7
100531,10065,"7시리즈",7
100739,10081,GT,7
100914,10103,"우라칸",7
100922,10102,"쿠페",7
100930,10104,"스파이더",7
100977,10092,S60,7
100943,10106,GTV,7
101047,10059,"무쏘",7
101237,10063,"마이브(KST 일렉트릭)",7
100963,10107,458,7
100312,10057,"누비라",7
100844,10091,"컴패스",7
101031,10062,"볼트",7
100476,10109,NSX,7
100330,10061,"렉카",7
100807,10087,"엔보이",7
100501,10111,"트윙고",7
100314,10064,"CLK 클래스",7
100506,10070,N-ONE,7
101119,10116,GV80,7
100404,10056,"쏘렌토",7
101013,10117,"코니쉬",7
100478,10073,iQ,7
101053,10123,720S,7
100561,10068,"박스터",7
100643,10072,EX,7
101230,10124,"마사다 EV",7
100817,10085,"바이퍼",7
100782,10084,"아발란치",7
100719,10058,SM6,7
100690,10075,"데미오",7
101077,10055,"팰리세이드",7
100700,10077,"테리오스",7
101369,10135,"상승내장탑",7
100762,10082,"네비게이터",7
101151,10083,CT5,7
100463,10076,"허슬러",7
101085,10067,"아테온",7
101012,10117,"실버스퍼",8
100400,10056,"모하비",8
100349,10059,"카이런",8
100241,10063,"어울림모터스",8
100853,10073,"가이아",8
101028,10065,"8시리즈",8
100300,10057,"넥시아",8
100884,10075,CX-3,8
100964,10107,488,8
101141,10066,Q2,8
101339,10123,750S,8
101066,10076,"스페시아",8
100944,10106,"미토",8
100978,10092,S70,8
100645,10072,JX,8
101275,10135,"냉동탑",8
100681,10074,"갤랑",8
100928,10104,"콰트로포르테",8
100873,10099,"브룩랜즈",8
100803,10087,"유콘",8
100818,10085,"밴",8
100840,10090,"트랜스포트",8
100485,10095,DS5,8
100611,10071,"버사",8
100783,10084,"아스트로밴",8
100861,10097,"페이스맨",8
101075,10103,"우루스",8
100923,10102,"크로마",8
100298,10058,SM7,8
100702,10077,"에쎄",8
100303,10064,"CLS 클래스",8
100740,10081,S-MAX,8
100727,10080,"보이저",8
100883,10100,"유로파",8
100869,10098,"프리랜더",8
101158,10055,"스타리아",8
100899,10094,306,8
100763,10082,"에비에이터",8
101123,10060,"기타버스",8
100502,10111,"에스빠스",8
100548,10067,"파사트",8
100563,10068,"카이맨",8
100575,10069,LS,8
100337,10061,"압축진개",8
100585,10070,S2000,8
100477,10109,RDX,8
100295,10096,XF,8
100277,10062,"아베오",8
101021,10083,CT6,8
100845,10091,"커맨더",8
100576,10069,LX,9
100444,10065,"그란투리스모",9
100488,10062,"임팔라",9
100663,10073,"노아",9
100846,10091,"패트리어트",9
100885,10075,CX-5,9
100924,10102,"푼토",9
101244,10083,CT6-V,9
100862,10097,"로버 미니",9
100682,10074,"아웃랜더",9
100360,10056,"모닝",9
101307,10135,"냉동탑(하이)",9
100322,10057,"라노스",9
101124,10058,XM3,9
100344,10061,"고소",9
100965,10107,"512 TR",9
100999,10077,"탄토",9
100451,10066,Q3,9
100945,10106,"브레라",9
100503,10111,"벨사티스",9
101087,10095,DS7,9
101235,10123,765LT,9
101005,10109,RL,9
100764,10082,"컨티넨탈",9
100728,10080,"비전",9
100358,10059,"로디우스",9
100979,10092,S80,9
100543,10067,"비틀",9
100507,10070,S660,9
100819,10085,"어벤저",9
100515,10064,"E 클래스",9
101348,10103,"레부엘토",9
100741,10081,"레인저",9
101109,10117,"실버 셰라프",9
100716,10063,"AD모터스",9
100804,10087,"지미",9
100281,10096,XJ,9
101040,10055,"코나",9
100562,10068,"카이엔",9
100612,10071,"베르사",9
100841,10090,"토렌트",9
100854,10104,"쿠페",9
100784,10084,"익스프레스밴",9
101069,10076,"웨건R",9
100900,10094,307,9
