mdetail_no,model_no,mdetail_name,sort_no,st_year,ed_year
1003489,101192,"플라잉스퍼 4세대",,2025,
1003544,100776,"에스컬레이드 IQ",,2026,
1002789,101008,"고스트 2세대",,2021,
1002799,101149,"프라울러",,1997,2002
1003550,101377,"아카디아",,2026,
1003546,101274,"[푸드트럭]포터2 (EV)",,,
1002809,101157,"이그니스",,2000,
1003528,101371,"필랑트",,2026,
1002934,101151,CT5-V,,2022,
1003533,101311,"296 스페치알레",,2026,
1003501,101362,"세닉",,2025,
1002881,101219,"조에",,2020,
1002782,101142,CT4,,2020,
1002925,101232,ID.4,,2022,
1003498,101361,"벨파이어",,,
1003494,101360,E6,,,
1003484,101359,"PV5 패신저",,2025,
1002940,100531,"7시리즈 (G70)",,2022,
1002932,101234,"C40 리차지",,2021,
1002939,100595,"오딧세이 (5세대)",,2013,
1003535,100902,"3008 (3세대)",,2025,
1002785,101143,"조에",,2012,
1002855,101205,HIACE,,,
1002926,101233,"EQB (X243)",,2022,
1002954,101238,"블루온",,2010,
1003526,101370,"탈리스만",,2011,2022
1003035,100435,"더 뉴 K5 하이브리드 3세대",,2023,
1002788,101144,"글래디에이터",,2020,
1003522,101047,"무쏘(Q300)",,2026,
1003493,100453,"A5 (B10)",,2025,
1003548,101376,"돌핀",,2026,
1003482,101357,SEAL,,2005,
1003547,101375,"비스틱",,2026,
1002991,100278,A3(8Y),,2022,
1002964,101242,"비안테",,2008,
1002800,101151,CT5,,2020,
1003536,101245,"S6 e-트론",,2026,
1003537,101374,"봉고3",,,
1003524,101369,"[카고]포터2",,,
1003480,101355,"업",,2012,2023
1003534,101373,"아말피",,2026,
1003523,101368,"허머 EV",,,
1003470,101352,"에이스맨(J05)",,2025,
1002967,101244,"V8 4.2",,2019,
1003521,101367,EX40,,2025,
1003520,101366,"시안",,2020,
1003468,101351,ID.5,,2025,
1003532,101372,"12칠린드리 스파이더",,2025,
1003461,101349,"세나",,2019,2019
1003460,101348,"레부엘토",,2025,
1003531,101372,"12칠린드리",,2025,
1002801,101152,"MASTA(마스타 전기차)",,2018,
1003206,101289,"[바가지차]봉고3",,2004,2019
1003376,101317,"그랜드 캘리포니아",,2021,
1003507,101364,"프리드",,,
1003371,101315,"스펙터",,2023,
1003205,101289,"[바가지차]더뉴봉고3",,2019,
1003017,100917,500e,,2013,
1002959,100867,"레인지로버 스포츠 3세대",,2022,
1003369,101314,T4K,,2023,
1002681,100977,"S60(3세대)",,2019,
1002756,100451,"Q3 (F3)",,2018,
1003504,101363,"씨라이언 7",,2025,
1002802,101153,"티록",,2021,
1002682,100621,"알티마(L34)",,2019,
1003542,101158,"더 뉴 스타리아 하이브리드",,2026,
1002813,101162,"유니목",,,
1003366,101312,"CLE 클래스",,2024,
1003541,101158,"더 뉴 스타리아",,2026,
1002822,101165,"컨코어",,1994,1999
1002826,101166,"뉴데일리밴",,2014,
1002831,101169,"사란",,1995,
1002841,101180,XT4,,2018,
1002995,101257,"캐스트",,2015,
1003011,100353,"렉스턴 뉴 아레나 (Y461)",,2023,
1003013,101258,EV9,,2023,
1002852,101191,C6,,2005,2012
1003023,101260,"XM (G09)",,2023,
1003032,101261,408,,2023,
1003048,101263,"쎄아",,2023,
1002833,101172,"SMART EV",,2020,
1003368,101313,"아투라",1,2021,
1001701,100520,"솔라티",1,2015,
1001862,100586,"델솔",1,1992,1998
1001880,100600,"크로스투어",1,2010,2015
1001891,100610,"무라노",1,2002,
1001916,100633,"프레리",1,,2004
1003456,101310,"그레칼레 EV",1,2025,
1002043,100659,"소아라",1,,2004
1002728,100660,"수프라 5세대",1,2020,
1003359,101309,i5,1,2023,
1001959,100663,"노아",1,2001,
1001960,100664,"알테자",1,2002,
1001961,100665,"체이서",1,,2001
1001962,100666,"코롤라",1,1966,
1001975,100678,RVR,1,2012,
1001978,100681,"갤랑",1,,2012
1001984,100685,RX-7,1,,2002
1001987,100687,"MAZDA 5",1,1999,2015
1001988,100688,"MAZDA 6",1,2002,
1001989,100689,"유노스",1,1989,1997
1001991,100691,"그랜드 비타라",1,1998,
1001992,100692,"사이드킥",1,1989,1999
1001995,100694,"알토라팡",1,2002,
1001996,100695,"짐니",1,1998,
1001997,100696,"마테리아",1,2006,2012
1002007,100704,"아웃백",1,1995,2012
1002015,100711,xB,1,2004,2015
1002016,100712,xD,1,2007,2014
1003356,101308,"[하이냉장탑]포터2 (LPG2.5터보)",1,2024,
1003352,101307,"[하이냉동탑]포터2 (LPG2.5터보)",1,2024,
1002625,100720,"더 뉴 아이오닉",1,2019,2021
1003457,101306,"[하이내장탑]ST1 (EV)",1,2025,
1002058,100728,"비전",1,1993,1997
1003383,101305,"[저상냉동탑]ST1 (EV)",1,2024,
1003027,100404,"더 뉴 쏘렌토 4세대",1,2023,
1003382,101304,"[저상내장탑]ST1 (EV)",1,2024,
1001676,100505,N-BOX,1,2012,
1001683,100510,"웨이크",1,2014,
1003365,100515,"E-클래스 W214",1,2024,
1003324,101303,"플렉스",1,2009,2019
1003232,101302,"[접이식탑차]뉴라보",1,2008,
1003316,101301,"[트랜스파워게이트]포터2 (LPG2.5터보)",1,2024,
1003543,101300,"[윙바디파워게이트]봉고3 (LPG2.5터보)",1,2024,
1003230,101299,"[냉장탑파워게이트]포터2",1,2004,
1003229,101298,"[냉동탑파워게이트]포터2",1,2004,
1003485,101297,"[익스(하이)내장탑파워게이트] 포터2",1,2004,
1003302,101296,"[내장탑파워게이트]포터2 (LPG2.5터보)",1,2024,
1003236,101295,"[가축운반차]봉고3",1,2004,2019
1001892,100611,"버사",1,2004,
1001893,100612,"베르사",1,2007,
1001917,100634,"프레지던트",1,,2010
1003251,101294,"[이동광고차]포터2",1,2004,
1003320,101293,"[운전교습용]포터2 (LPG2.5터보)",1,2024,
1001963,100667,"툰드라",1,2000,
1001990,100690,"데미오",1,1996,
1002000,100697,"미라코코아",1,2009,
1003216,101292,"[크레인]포터2",1,2004,
1002001,100698,"무브",1,1995,
1002006,100703,"레거시",1,1989,
1002009,100706,"임프레자",1,1993,
1002017,100713,tC,1,2004,2016
1002018,100714,"알토",1,1979,
1003211,101291,"[집게]포터2",1,2004,
1003207,101290,"[사다리]더뉴봉고3",1,2019,
1002049,100723,300M,1,1999,2004
1002050,100724,LHS,1,1994,2001
1002056,100727,"보이저",1,2000,
1003290,101288,"[버큠로리]봉고3",1,2004,2019
1003191,101287,"마이크로버스",1,1963,
1002061,100730,"스트라투스",1,1995,2000
1003189,101286,"[호로차]포터2",1,2004,
1001074,100362,"이스타나밴",1,1995,2003
1000875,100385,"엔터프라이즈",1,1997,2002
1000921,100409,"트라제XG",1,1999,2007
1003363,101311,"296 GTB",1,2022,
1002683,100511,"A클래스 W177",1,2019,
1001699,100518,"뉴 SLK클래스",1,2004,2016
1002821,100523,"GLA클래스 H247",1,2020,
1002563,100548,"파사트GT(B8)",1,2018,
1002876,100555,"골프 8세대",1,2019,
1003318,101285,"[파워게이트]포터2 (LPG2.5터보)",1,2024,
1003439,100565,"마칸 EV",1,2024,
1002678,100566,"포투 카브리오 (3세대)",1,2016,
1003314,101284,"[택배전용]봉고3 (LPG2.5터보)",1,2024,
1002450,100573,"뉴GS200t",1,2016,2017
1001900,100618,"시마",1,1988,
1001964,100668,"파쏘",1,2004,
1002002,100699,"분",1,2004,
1002003,100700,"테리오스",1,1997,
1002024,100715,"듀에고",1,,
1002025,100716,"체인지-AD모터스",1,2010,2014
1002034,100718,"200(2세대)",1,2015,2017
1002042,100721,"뉴CT",1,2014,
1003039,100722,"GLC클래스 X254",1,2023,
1003313,101283,"[윙바디]포터2 (LPG2.5터보)",1,2024,
1002063,100732,"이글탈론",1,1990,1998
1002064,100733,"퍼시피카",1,2004,
1002065,100734,"그랜드캐러밴",1,,2020
1003311,101282,"[워크스루밴]봉고3 (LPG2.5터보)",1,2024,
1002067,100735,"콩코드",1,1993,2004
1002069,100737,"타운앤컨트리",1,1990,
1003310,101281,"[시티밴]포터2 (LPG2.5터보)",1,2024,
1002074,100739,GT,1,2003,2008
1002075,100740,S-MAX,1,2006,
1003455,100741,"레인저 4세대",1,2023,
1003362,100742,"머스탱 7세대",1,2024,
1003158,101280,"[보냉탑]포터2",1,2004,
1003421,101279,"[미닫이탑]봉고3 (EV)",1,2024,
1003308,101278,"[다용도탑]포터2 (LPG2.5터보)",1,2024,
1002078,100743,"몬데오 4세대",1,2015,
1002875,100744,"브롱코 6세대",1,2022,
1001489,100230,"BENZ(구형)",1,,2015
1001020,100278,"뉴 A3",1,2003,
1002070,100320,"뉴포커스",1,2010,2018
1003307,101277,"[냉장탑]포터2 (LPG2.5터보)",1,2024,
1003305,101276,"[냉온장탑]봉고3 (LPG2.5터보)",1,2024,
1001613,100471,RSX,1,2001,2006
1001619,100477,RDX,1,2007,
1003399,101275,"[냉동탑]ST1 (EV)",1,2024,
1002718,100539,"X6 (G06)",1,2020,
1003432,101274,"[스넥카]더뉴봉고3",1,2019,
1001795,100560,968,1,1992,1995
1001806,100568,"로드스터",1,2003,2006
1001903,100621,"알티마",1,1993,2018
1001937,100643,EX,1,2008,2013
1002649,100650,"RAV4(5세대)",1,2019,
1001965,100669,"포르테 ",1,2004,
1001973,100676,FTO,1,1994,2000
1001993,100693,"스위프트",1,2004,
1002005,100702,"에쎄",1,2005,2011
1002008,100705,"포레스터",1,1997,2012
1002012,100708,"비크로스",1,1997,2001
1002030,100717,"시에나",1,1998,
1002771,100719,"더 뉴 SM6",1,2020,
1002081,100745,"썬더버드",1,1995,2005
1002082,100746,"윈드스타",1,1994,2003
1002083,100747,"이코노라인",1,1961,
1002088,100752,"파이브 헌드레드",1,2005,2007
1003300,101272,"[내장탑]포터2 (LPG2.5터보)",1,2024,
1003080,101271,"[진개차]포터2",1,2004,
1003006,100325,"더 뉴 아반떼 (CN7)",1,2023,
1003295,101270,"[이동주유]포터2 (LPG2.5터보)",1,2024,
1003415,101269,"[렉카]더뉴봉고3",1,2019,
1001908,100626,"캐시카이",1,2014,
1001928,100640,NV,1,2011,
1001929,100641,G25,1,2011,2013
1001932,100642,M30d,1,2010,2013
1003294,101268,"[덤프]포터2 (LPG2.5터보)",1,2024,
1002972,101245,"S6 (C8)",1,2019,
1001938,100644,"올뉴FX",1,2009,2013
1002952,100647,GR86,1,2022,
1003084,101267,"[고소작업차]포터2",1,2004,
1001943,100648,"FJ크루져",1,2006,2014
1001944,100649,MR-S,1,1999,2007
1003063,101266,"[캠핑]포터2포레스트",1,2020,
1001947,100651,WiLL,1,2000,2005
1001948,100652,bB,1,2000,2016
1001949,100653,"랜드크루저",1,1980,
1001950,100654,"매트릭스",1,2003,2014
1001951,100655,"벤자",1,2009,2017
1003036,100670,"크라운 크로스오버",1,2023,
1003322,101265,"[활어차]포터2 (LPG2.5터보)",1,2024,
1001968,100671,"타코마",1,1995,
1003012,100672,"하이랜더 4세대",1,2023,
1001971,100674,"이클립스",1,1990,2012
1001974,100677,GTO,1,1990,2001
1001976,100679,"랜서",1,,2017
1001977,100680,"랜서에볼루션",1,1992,2012
1001980,100683,"파제로",1,1982,
1001981,100684,MX-3,1,1991,1998
1001986,100686,"MAZDA 3",1,2003,
1002084,100748,"익스플로러 스포츠트랙",1,2001,2010
1002086,100750,"컨투어",1,1996,2000
1002089,100753,"프로브",1,1989,1997
1002090,100754,"프리스타일",1,2005,2009
1002091,100755,"퓨전",1,2007,
1002092,100756,LS,1,1999,2006
1002093,100757,MKC,1,2014,
1002097,100760,"MKX 2세대",1,2015,2018
1002100,100761,"뉴 MKZ",1,2010,
1000819,100399,"베라쿠르즈",1,2006,2015
1001810,100570,62,1,2002,2012
1001556,100445,"CTS 3세대",1,2014,2019
1001589,100457,"BMW i8",1,2014,
1001644,100487,"잔티아",1,1993,2001
1001697,100517,"B클래스 (MY B)",1,2005,2018
1003515,101365,"아이시스",1,2014,2017
1001622,100309,"더 뉴 프라이드",1,2015,2017
1000849,100401,"싼타모",1,1995,2002
1003474,100436,"더 뉴 기아 레이 EV",1,2023,
1001612,100470,MDX,1,2001,
1001703,100522,SLR,1,2003,2010
1003519,100527,"1시리즈 (F52)",1,2024,
1003483,101358,EV5,1,2025,
1003430,100536,"X3 (G45)",1,2024,
1002635,100538,"X5 (G05)",1,2019,
1003481,101356,"iX2 (U10)",1,2025,
1003476,101354,"Q6 e-트론",1,2025,
1003475,101353,"SQ6 e-트론",1,2025,
1002731,100552,"투아렉 3세대",1,2019,
1001783,100554,"벤토",1,1992,1999
1003464,101350,"[운송]트레일러",1,,
1003459,101347,EV4,1,2025,
1003458,101346,"사이버트럭",1,2025,
1001859,100583,Fit,1,2011,
1003454,101345,"타스만",1,2025,
1003453,101344,"마크X",1,2004,
1003448,101343,EX30,1,2025,
1003442,101342,"아이오닉 9",1,2025,
1001896,100614,"세드릭",1,,2004
1001897,100615,"세피로",1,,2003
1001906,100624,"윙로드",1,2006,
1001907,100625,"쥬크",1,2011,
1001910,100628,"큐브",1,1998,2019
1001911,100629,"타이탄",1,2004,
1001912,100630,"타아나",1,2003,2020
1001040,100273,"리오SF",1,2002,2005
1003441,101340,"아토3",1,2025,
1003436,101339,750S,1,2023,
1000902,100328,"캡티바",1,2011,2018
1000942,100351,"활어차",1,,
1000794,100352,"레간자",1,1997,2002
1003434,101338,"슈퍼살롱",1,1991,1999
1003045,100405,"더 뉴 투싼 (NX4)",1,2023,
1003424,101337,"에미라",1,2022,
1003422,101336,"엘레트라",1,2024,
1000953,100406,G2X,1,2007,2008
1000821,100407,"베리타스",1,2008,2010
1003420,101335,"리릭",1,2024,
1003419,101334,"그레나디어",1,2024,
1003416,101333,"푸로산게",1,2024,
1001581,100455,A1,1,2010,2018
1003412,101332,"LM 2세대 (AW10)",1,2024,
1001629,100478,iQ,1,2008,2016
1003411,101331,"그랑 콜레오스 E-Tech",1,2024,
1003409,101330,"어벤저",1,2024,
1003406,101329,Tx,1,2017,
1001674,100504,"모뒤스",1,2004,2012
1003487,100540,"A6 e-트론",1,2025,
1003405,101328,"폴스타4",1,2024,
1003403,101327,"에스콰이어",1,2014,
1003395,101326,"SQ7 (4M)",1,2023,
1003394,101325,RZ450e,1,2023,
1003392,101324,EV3,1,2024,
1001796,100561,"박스터",1,1996,2016
1003381,100564,"파나메라(972)",1,2024,
1003391,101323,"트랙스",1,2013,2015
1002509,100567,"포포W453",1,2014,
1003390,101321,"에스티마",1,1990,2019
1002542,100579,RC200t,1,2016,
1001861,100585,S2000,1,1999,2009
1001901,100619,"실비아",1,,2002
1001913,100631,"패스파인더4세대",1,2013,
1003389,101320,"센토디에치",1,2020,2022
1001915,100632,"푸가",1,2004,
1001919,100636,"휘가로",1,1991,1991
1001923,100638,370Z,1,2009,
1003388,101319,"디보",1,2019,2022
1000941,100285,"홈로리",1,,
1003377,101318,"멀티밴",1,2003,2020
1003372,101316,"아르카나",1,2024,
1001616,100474,"인테그라",1,,2001
1002172,100821,"캐러밴",1,1984,
1002059,100729,"뉴 세브링",1,2007,2010
1002328,100923,"크로마",1,,2020
1002372,100962,456,1,1992,2003
1001312,100216,"카고(2톤)",1,,
1002014,100710,xA,1,2004,2006
1001957,100661,"야리스(비츠)",1,1999,
1001904,100622,"엑스테라",1,2000,
1001807,100569,57,1,2002,2012
1002946,100217,"그랜저 (GN7)",1,2022,
1001777,100550,"페이튼",1,2002,2016
1001767,100545,EOS,1,2006,2015
1001729,100534,Z8,1,1999,2003
1001663,100494,"차저",1,2006,
1002710,100441,"벤티지(2세대)",1,2018,
1002259,100879,"에보라",1,2009,
1002247,100869,"프리랜더2",1,2006,2014
1002244,100867,"레인지로버 스포츠 2세대",1,2013,
1002909,100866,"레인지로버 5세대",1,2022,
1002195,100841,"토렌트",1,2006,2009
1002171,100820,"챌린저",1,1978,
1001081,100344,"카고크레인",1,,
1002148,100800,"사파리",1,1995,2005
1002135,100787,"카마로",1,1967,
1002455,100411,"더뉴 카렌스",1,2016,2018
1002111,100767,ATS-V,1,2016,2019
1002062,100731,"시러스",1,1995,2000
1001954,100658,"셀리카",1,,2006
1001909,100627,"퀘스트",1,1992,2017
1001609,100467,"뷰트",1,1993,
1001640,100484,DS4,1,2010,
1003490,100512,"SL클래스 R232",1,2023,
1001898,100616,"센트라",1,1982,
1001888,100608,"맥시마(A36)",1,2015,
1002193,100839,"피에로",1,,1988
1001887,100607,"마치",1,1982,
1003495,100856,"컨버터블 (F67)",1,2025,
1003028,100525,"5시리즈 (G60)",1,2023,
1001682,100509,I-SERISE,1,1996,2004
1001617,100475,CL,1,1997,2003
1001103,100422,"프레지오밴",1,1995,2004
1002883,100865,"디펜더 (L663)",1,2020,
1001672,100502,"에스빠스",1,1984,
1002727,100864,"디스커버리 스포츠 2세대",1,2020,
1001799,100563,"카이맨",1,2005,2016
1002533,100863,"디스커버리5",1,2017,
1001816,100571,"뉴IS200t",1,2015,2017
1002235,100862,"로버 미니",1,,2001
1002051,100725,"PT크루저",1,2000,2010
1002233,100861,"쿠퍼 D 페이스맨",1,2013,
1002068,100736,"크로스파이어",1,2004,2007
1002119,100773,XLR,1,2004,2009
1002120,100774,"드빌",1,,2005
1002157,100809,H2,1,2002,2009
1002179,100826,"테라자",1,2005,2007
1002180,100827,"파크애비뉴",1,1991,2012
1002182,100829,"오로라",1,1994,2003
1002183,100830,"커트라스",1,,1999
1002184,100831,"브라바다",1,1991,2004
1002185,100832,"알레로",1,1994,2004
1002186,100833,"그랑프리",1,1997,2008
1002190,100837,"솔스티스",1,2006,2009
1002191,100838,"파이어버드",1,,2002
1002202,100845,"커맨더",1,2006,2010
1002207,100850,S-TYPE,1,1999,2008
1002208,100851,"다임러",1,,2009
1002209,100852,"소버린",1,,2009
1002211,100853,"가이아",1,1998,2004
1002212,100854,"쿠페",1,2002,2007
1003496,100855,"쿠퍼 일렉트릭",1,2025,
1003492,100860,"컨트리맨 일렉트릭",1,2025,
1002222,100858,"쿠퍼 쿠페",1,2011,2015
1002842,100843,"그랜드 체로키(WL)",1,2021,
1002220,100857,"쿠퍼 로드스터",1,2012,2015
1002189,100836,"선파이어",1,1995,2005
1002188,100835,"보네빌",1,,2005
1002225,100859,"쿠퍼 클럽맨",1,2007,
1002187,100834,"그랜드 앰",1,,2005
1003517,100805,"캐니언 3세대",1,2023,
1002142,100794,"트럭밴",1,,1996
1001879,100599,"크로스로드",1,1993,2010
1001100,100365,"포니밴",1,,2020
1000830,100375,"브로엄",1,1991,2000
1001867,100589,"리지라인",1,2006,
1003021,100581,"CR-V 6세대",1,2023,
1003022,100403,"싼타페 MX5",1,2023,
1002986,101254,"TTS (8S)",1,2015,
1002870,101216,i4,1,2021,
1003486,101264,"[카고]PV5",1,2025,
1003033,101262,"iX1 (U11)",1,2023,
1003034,100435,"더 뉴 K5 3세대",1,2023,
1002819,100437,"더 뉴 K9 2세대",1,2021,
1001606,100464,"가류",1,1996,
1002797,100516,"S클래스-W223",1,2021,
1001700,100519,"V클래스",1,1996,
1002823,100529,"4시리즈 (G22)",1,2021,
1002600,100537,"X4 (G02)",1,2018,
1002990,101256,"RS e-트론 GT",1,2021,
1002988,101255,"TTRS (8S)",1,2016,
1002597,100551,"티구안 올스페이스",1,2018,
1002647,100562,"카이엔(PO536)",1,2019,
1002985,101253,RSQ8,1,2020,
1002937,100577,"NX 450h+",1,2022,
1002984,101252,"SQ8 (4M)",1,2020,
1002982,101251,"SQ5 (FY)",1,2019,
1001894,100613,"블루버드실피",1,2000,2012
1001905,100623,"엘그란드",1,1997,
1002980,101250,"RS6 (C8)",1,2021,
1002102,100762,"네비게이터",1,1997,
1002978,101249,"RS5 (F5)",1,2018,
1002534,100764,"컨티넨탈 10세대",1,2016,
1002977,101248,RS4,1,1999,2008
1002105,100765,"타운카",1,,2011
1002110,100766,ATS,1,2013,2019
1002112,100768,BLS,1,2005,2009
1003041,101247,"RS3 (8Y)",1,2023,
1002123,100777,"루미나",1,1989,2001
1002129,100781,"실버라도",1,1998,
1002928,100796,"스프린터 (VS30)",1,2018,
1002159,100810,H3,1,2005,2010
1002975,101246,"S3 (8Y)",1,2022,
1002162,100812,"다코타",1,,2011
1002194,100840,"트랜스포트",1,1989,1998
1002965,101243,"EQE V295",1,2022,
1001077,100363,"젠트라X",1,2007,2011
1002961,101241,"BMW i7",1,2022,
1001073,100397,"윈스톰맥스",1,2008,2010
1002960,101240,"포트로",1,2021,
1003462,101239,"ET VAN 미니",1,2024,
1000897,100414,"카스타",1,1999,2002
1002953,101237,M1,1,2020,
1002695,101108,D2,1,2015,2019
1002853,101078,G90(RS4),1,2021,
1002584,101067,"V90 크로스컨트리",1,2017,
1001858,100582,CR-Z,1,2010,2016
1001863,100587,"댓츠",1,2002,2007
1001864,100588,"레전드5세대",1,2015,
1002908,101226,"전기",1,,
1002933,101235,765LT,1,2020,
1001869,100591,"스트림",1,2000,2014
1002646,100592,"올 뉴 시빅(10세대)",1,2015,2021
1003379,100593,"어코드(11세대)",1,2023,
1002920,101231,"Q4 e-트론",1,2022,
1002914,101230,"마사다 EV",1,2022,
1002944,101228,"비바 EV",1,2022,
1001874,100594,"엘리먼트",1,2003,2011
1001875,100595,"오딧세이",1,1995,2012
1001876,100596,"인사이트",1,1995,2014
1001877,100597,"인스파이어",1,1989,2013
1003038,100601,"파일럿 4세대",1,2023,
1002911,101227,"S4 (B9)",1,2021,
1001882,100602,"패스포트",1,1994,2002
1001883,100603,"프렐류드",1,,2001
1002630,100606,"리프(ZE1)",1,2019,
1002114,100770,DTS,1,2006,2011
1002115,100771,"올 뉴 SRX",1,2009,2016
1003425,101225,"마이바흐 EQS SUV Z296",1,2024,
1002121,100775,"스빌",1,,2004
1002901,101224,MC20,1,2021,
1003500,101223,"더 뉴 아이오닉 6",1,2025,
1000793,100346,"라세티",1,2002,2009
1003530,101222,"S5 (B10)",1,2025,
1000843,100370,"스텔라",1,,1997
1001018,100373,"뉴프린스",1,1996,1997
1002886,101221,"폴스타2",1,2022,
1001017,100391,"뉴포텐샤",1,1997,2002
1002674,100400,"모하비 더 마스터",1,2019,
1003479,101220,"더 뉴 토레스 하이브리드",1,2025,
1002871,101218,iX,1,2021,
1000997,100413,"그레이스밴",1,1994,2003
1000806,100419,"리베로",1,2000,2007
1002021,100423,"더뉴i40Saloon",1,2015,2019
1002863,101214,"RS7 (4K)",1,2021,
1002864,101213,"S7 (4K)",1,2019,
1002598,100439,DB11,1,2017,
1002712,101116,D2C,1,,
1001607,100465,"누에라",1,2004,2012
1001618,100476,NSX,1,1990,2005
1002487,101035,XT5,1,2016,
1001636,100482,C5,1,2000,
1001688,100513,"SLS AMG",1,2010,2014
1003540,101217,"iX3 (NA5)",1,2026,
1002631,100844,"컴패스 2세대",1,2018,
1002868,101215,"타호",1,2022,
1002849,101192,"플라잉스퍼 3세대",1,2020,2024
1002845,101190,GV60,1,2021,
1002844,101189,"e-트론 GT",1,2021,
1003426,100926,"그란카브리오 (2세대)",1,2024,
1002840,101175,"EQA H243",1,2021,
1003423,101173,"더 뉴 캐스퍼",1,2024,
1001367,100232,"VOLVO-트럭",1,2009,
1002373,100963,458,1,2010,2015
1002698,100964,"488 피스타",1,2018,2020
1002832,101171,"피에스타",1,1976,
1002376,100965,512TR,1,1992,1994
1002380,100968,"599 GTB",1,2006,2012
1002484,101033,"칼디나",1,1992,2007
1002488,101036,"718 카이맨",1,2016,
1003393,101167,"더 뉴 EV6",1,2024,
1002546,101057,"레인지로버 벨라",1,2017,
1003037,101058,"알파드 4세대",1,2023,
1002679,101101,"모델 3",1,2017,
1003440,101126,"Q8 e-트론",1,2024,
1002951,101236,"S8 (D5)",1,2020,
1003361,101158,"스타리아 하이브리드",1,2024,2025
1003413,101154,"뉴 K8",1,2024,
1002798,101148,GV70,1,2021,
1002685,100541,"A8 (D5)",1,2018,
1002736,100542,"A7 (4K)",1,2018,
1002699,101110,SX6,1,2016,
1003471,101105,"아틀라스 (2세대)",1,2025,
1002629,101085,"아테온",1,2018,
1002611,101080,K01,1,2016,2020
1002571,101064,"LC 500",1,2017,
1002408,100988,740,1,,1992
1002638,100572,"ES300h 7세대",1,2018,
1002384,100970,"엔초페라리",1,2002,2004
1002370,100960,348,1,1989,1995
1002359,100950,8C,1,2007,2010
1002329,100924,"푼토",1,1993,
1003378,101156,"더 뉴 아이오닉 5",1,2024,
1002807,101155,"모델 Y",1,2020,
1002780,101141,Q2,1,2017,
1003443,100576,"LX (J310)",1,2022,
1002779,101140,"GLB클래스 X247",1,2020,
1002767,101139,"타이칸",1,2020,
1002766,101138,CEVO-C,1,2019,
1002765,101137,"X6M (F96)",1,2020,
1002994,101136,"X5M (F95)",1,2020,
1002760,101135,"캡처",1,2020,
1002011,100707,"로데오",1,1989,2004
1002549,100329,"뉴QM3",1,2017,2019
1002755,101134,"e-트론",1,2020,
1002752,101133,"라이프",1,,2014
1002750,101132,"X4M (G02)",1,2019,
1001008,100377,"뉴엘란트라",1,1993,1995
1000798,100392,"레조",1,2000,2007
1002751,101131,"X3M (G01)",1,2019,
1002748,101130,"코세어",1,2020,
1002747,101129,"캡처",1,2013,
1001815,100424,"더뉴맥스크루즈",1,2015,2019
1002745,101128,"로마",1,2020,
1003374,101127,XT6,1,2020,
1002814,100438,"더뉴 K3 2세대",1,2021,
1001552,100443,"라피드",1,2010,
1002726,101122,D2P,1,,
1002873,100514,"C클래스 W206",1,2022,
1003008,101118,"더 뉴 트레일블레이저",1,2023,
1002634,100524,"3시리즈 (G20)",1,2019,
1002892,100528,"2시리즈 (G42)",1,2022,
1002713,101117,"프리비아",1,1990,
1002996,100535,"X1 (U11)",1,2023,
1002711,101115,GT,1,2019,
1001765,100543,"더비틀",1,2012,2019
1002667,101095,"이스즈",1,1959,
1001766,100544,"폴로",1,1975,
1002781,100546,"올 뉴 제타",1,2019,
1001770,100547,"시로코",1,2008,2017
1002636,101088,"X7 (G07)",1,2019,
1002935,101084,"XC40 리차지",1,2022,
1002536,101050,570S,1,2015,
1001776,100549,"뉴 CC",1,2012,2017
1002526,101048,"스토닉",1,2017,
1002385,100971,"캘리포니아",1,2008,2017
1001782,100553,"보라",1,1999,2005
1002340,100933,"4200 GT",1,2001,2007
1001958,100662,"위시",1,2003,
1002326,100921,"바르게타",1,2005,2005
1002125,100778,"벤처",1,1996,2005
1002126,100779,"트레일블레이저",1,2002,
1002130,100782,"아발란치",1,2002,2013
1002133,100785,"에퀴녹스",1,2005,
1002137,100789,"콜로라도",1,2004,
1003385,100236,"카운티 일렉트릭",1,2020,
1002205,100848,F-TYPE,1,2013,
1002763,101136,"X5M (F95)",1,2020,
1002733,101124,XM3,1,2020,2024
1000924,100321,"트레일러",1,,
1002732,101123,"스페셜리티버스",1,,
1001153,100374,"로체 이노베이션",1,2008,2010
1000873,100393,"엑스트렉",1,2003,2006
1002725,101121,DBX,1,2020,
1003026,101119,"GV80 쿠페",1,2023,
1002708,101114,"SF90 스트라달레",1,2020,
1002707,101113,ix5,1,2019,
1002706,101112,"EQC N293",1,2019,
1001550,100442,"뱅퀴시",1,2001,2018
1002700,101111,MPV,1,,2016
1002697,101109,"실버 셰라프",1,1998,2002
1001608,100466,"라세드",1,2000,2004
1001646,100488,"임팔라",1,2015,2020
1001667,100497,"라구나",1,1993,2015
1003435,101107,"올 뉴 콜로라도",1,2024,
1002690,101104,540C,1,2016,
1002689,101103,"트래버스",1,2019,
1002680,101102,600LT,1,2018,
1002668,101096,"124 스파이더",1,2016,
1002655,101094,I-PACE,1,2019,
1003043,101093,"노틸러스 2세대",1,2023,
1002642,101092,BRZ,1,2012,
1001712,100526,"더뉴300C",1,2012,
1003429,101091,"X2 (U10)",1,2024,
1002640,101090,"엑스트레일",1,2019,
1002540,101054,675LT,1,2015,2017
1002621,101046,"뷰티풀코란도",1,2019,
1002443,101018,"코르사",1,1982,
1001722,100530,"6시리즈 (F12)",1,2011,2018
1002047,100531,"7시리즈 (G11)",1,2015,2022
1001726,100532,Z3,1,1996,2002
1002639,100533,Z4(G29),1,2019,
1002442,101017,"아스트라",1,2006,2015
1002128,100780,"서버밴",1,1935,
1002143,100795,"픽업트럭",1,,2002
1002432,101007,R1,1,2005,2010
1002394,100978,S70,1,1997,2000
1001237,100333,"베르나트랜스폼",1,2009,2010
1002344,100937,147,1,2000,2010
1002270,100889,MGF,1,1995,2011
1002677,101100,"F8 트리뷰토",1,2019,
1002671,101099,"베뉴",1,2019,
1003427,100402,"더 뉴 스포티지 5세대 (NQ5)",1,2024,
1002670,101098,"아이고",1,2005,
1003529,101097,"셀토스(SP3)",1,2026,
1003408,101089,"UX 300h",1,2024,
1002633,101087,"DS7 크로스백",1,2019,
1002632,101086,"다니고",1,2018,
1002628,100460,"아발론5세대",1,2018,
1002614,101083,"C35 밴",1,2018,
1001614,100472,TL,1,1996,2014
1001630,100479,C2,1,2003,2009
1001631,100480,C3,1,2002,
1001638,100483,DS3,1,2009,
1002613,101082,C32,1,2018,
1001642,100485,DS5,1,2011,
1001643,100486,XM,1,1989,2000
1002612,101081,C31,1,2017,
1001653,100490,XE,1,2015,
1001659,100491,"레니게이드",1,2015,
1002527,100495,"A4 (B9)",1,2016,
1003437,101077,"디 올 뉴 팰리세이드",1,2025,
1002594,101076,"컬리넌",1,2018,
1001668,100498,"메간",1,1995,
1001669,100499,"세닉",1,1996,
1001670,100500,"클리오",1,1990,
1001671,100501,"트윙고",1,1993,
1001673,100503,"벨사티스",1,2002,2009
1001677,100506,N-ONE,1,2012,
1001678,100507,S660,1,2015,
1002593,101075,"우루스",1,2018,
1002592,101074,"포르토피노",1,2018,
1001793,100557,928,1,,1995
1002113,100769,CTS-V,1,2004,2019
1002131,100783,"아스트로밴",1,1995,2005
1002591,101073,"812슈퍼패스트",1,2017,
1002590,101072,"모델 X",1,2018,
1002893,101062,"더 넥스트 이쿼녹스",1,2022,
1001034,100322,"라노스2",1,2000,2002
1003469,101061,"넥쏘(NH2)",1,2025,
1002553,101060,"5008 2세대",1,2017,
1002551,101059,"스텝웨건",1,1996,
1001063,100410,"알페온 e어시스트",1,2010,2015
1000825,100425,"복사",1,,1993
1002462,101023,"르반떼",1,2016,
1002580,100444,"6시리즈 GT (G32)",1,2017,
1002415,100994,"뉴 9-5",1,2010,2012
1002569,100985,"XC60(2세대)",1,2017,
1001557,100446,"아슬란",1,2014,2018
1002643,100447,"R8 (4S)",1,2016,
1003491,100450,"Q5 (80A)",1,2025,
1002398,100981,V40,1,1995,2019
1001568,100451,Q3,1,2011,2018
1002456,100452,"Q7 (4M)",1,2016,
1002379,100967,575M,1,2002,2006
1002684,100453,"A5 (F5)",1,2017,
1003449,100461,"캠리 (XV80)",1,2024,
1002353,100946,"스파이더",1,,1994
1002342,100935,"베이론",1,2005,2015
1002203,100846,"패트리어트",1,2007,2017
1002176,100824,"리갈",1,1973,
1002156,100808,H1,1,1992,2006
1001602,100463,"허슬러",1,2014,
1001610,100468,"오로치",1,2006,2014
1001611,100469,"히미코",1,2008,
1001615,100473,TSX,1,2004,2014
1002146,100798,"벤츄라",1,,1996
1002661,101079,"마스터 버스",1,2018,
1001633,100481,C4,1,2004,
1002589,101071,"벤테이가",1,2016,
1002588,101070,XTS,1,2013,
1002586,101069,"웨건R",1,1993,
1002138,100790,HHR,1,2005,2011
1002140,100792,S-10,1,,2004
1002141,100793,"트랙커",1,1989,2004
1002424,100394,"i30 (PD)",1,2016,2020
1002585,101068,E-PACE,1,2018,
1001266,100415,"하이베스타밴",1,1992,1997
1002577,101066,"스페시아",1,2013,
1002575,101065,KA,1,1995,2021
1002562,100416,"더 뉴 그랜드 스타렉스",1,2017,2021
1002567,101063,"클리오",1,2018,2019
1002543,101056,E150,1,1961,
1002541,101055,MP4-12C,1,2011,2014
1001049,100417,"봉고3미니버스밴",1,2004,2005
1002539,101053,720S,1,2017,
1001097,100420,"토픽밴",1,,1999
1002559,100421,"벨로스터(JS)",1,2018,
1002538,101052,650S,1,2014,2017
1002537,101051,570GT,1,2016,
1000913,100429,"타이탄",1,,1997
1000927,100431,"파크타운",1,1998,2000
1000930,100432,"포르테",1,2008,2013
1003367,101049,"더 뉴 G70 슈팅브레이크",1,2022,
1002620,100433,"쏘울 부스터 EV",1,2019,2021
1003450,101047,"무쏘 EV",1,2025,
1002774,101041,"스팅어 마이스터",1,2020,
1002658,100434,"K7 프리미어",1,2019,2021
1002992,100980,S90,1,2016,
1002367,100958,"F12 베를리네타",1,2012,2017
1002362,100953,F40,1,,1992
1002345,100938,156,1,1996,2007
1002271,100890,75,1,2004,2004
1002673,100868,"레인지로버 이보크 2세대",1,2019,
1002134,100786,"체비밴",1,1964,
1002096,100759,MKT,1,2009,
1002094,100758,"뉴 MKS",1,2012,2016
1002999,100578,"RX 350h(5세대)",1,2023,
1002962,100776,"에스컬레이드 5세대",1,2021,
1000872,100376,"엑셀",1,1989,1994
1001289,100386,"뉴 다마스",1,2008,
1001170,100387,"오피러스프리미엄",1,2009,2011
1002508,101045,"툰렌드",1,2015,
1001015,100388,"뉴투스카니",1,2006,2008
1002507,101044,"모델 S",1,2012,
1001309,100390,"제네시스DH",1,2013,2016
1002506,101043,"M 쿠페(E85)",1,2006,2008
1002504,101042,"트위지",1,2017,
1003473,101040,"디 올 뉴 코나 (SX2)",1,2023,
1002494,101039,"켄보 600",1,2017,
1002492,101038,HR-V,1,1999,
1001219,100395,"갤로퍼2밴",1,1997,2003
1001036,100396,"레토나밴",1,1998,2003
1002491,101037,"아이",1,2006,2013
1001154,100398,"록스타밴",1,1990,1997
1002468,101025,"CK미니트럭",1,2015,
1002444,101019,"티그라",1,1994,2000
1002388,100974,C30,1,2006,2013
1002354,100947,"줄리아",1,2015,
1002264,100884,CX-3,1,2015,
1002258,100878,2-Eleven,1,2007,2011
1002254,100875,"아주르",1,1995,2011
1002181,100828,"실루엣",1,1990,2004
1002087,100751,"쿠가",1,2015,
1003046,100408,"더 뉴 카니발 하이브리드",1,2023,
1002052,100726,"네온(2세대)",1,1999,2005
1002904,101031,"볼트EUV(2021~)",1,,
1002474,101030,"SLC클래스 R172",1,2016,
1002473,101029,"엔클레이브",1,2008,
1002687,100797,"GLE 클래스 W167",1,2019,
1002705,101028,"8시리즈 (G15)",1,2019,
1002149,100801,"소노마",1,,2004
1002150,100802,"시에라",1,1999,
1002423,100295,XF(X260),1,2016,
1002470,101027,"두에고",1,2013,
1002469,101026,"CK미니밴",1,2015,
1001161,100335,"세피아2",1,1997,2001
1002749,101024,"GLS클래스 X167",1,2020,
1000976,100354,"R클래스",1,2005,2013
1001152,100358,"로디우스유로",1,2012,2013
1002459,101022,"뉴요커",1,,1996
1000812,100359,"매그너스",1,1999,2006
1003003,100360,"더 뉴 모닝 (JA)",1,2023,
1002452,101021,CT6,1,2016,
1002448,101020,F-PACE,1,2016,
1002441,101016,"스피드스터",1,2001,2005
1002440,101015,"비타",1,1982,
1002439,101014,"벡트라",1,,2008
1001099,100361,"티뷰론터블런스",1,1999,2001
1002438,101013,"코니쉬",1,,2002
1002437,101012,"실버스퍼",1,,1998
1002436,101011,"레이스",1,2014,2021
1001191,100364,"타우너트럭",1,1992,2002
1002435,101010,"던",1,2016,
1000840,100366,"스쿠프",1,1990,1995
1000900,100367,"칼로스",1,2002,2007
1000908,100369,"콩코드",1,,1991
1001091,100372,"크레도스2",1,1998,2000
1002434,101009,"팬텀",1,2003,
1001072,100378,"옵티마리갈",1,2002,2005
1001096,100379,"토스카 프리미엄",1,2008,2011
1002433,101008,"고스트",1,2010,2020
1000862,100380,"아카디아",1,1994,1999
1000876,100381,"엘란",1,1996,2000
1000936,100382,"프레스토",1,,1986
1000842,100383,"스테이츠맨",1,2005,2007
1001062,100384,"아토스밴",1,2000,2002
1002431,101006,ILX,1,2013,
1002430,101005,RL,1,1996,2012
1002154,100806,"터레인",1,2010,
1002429,101004,"AMG GT",1,2014,
1002428,101003,"시엔타",1,2003,
1000880,100316,"올로드콰트로",1,1999,
1001434,100318,"에어로(E/600)",1,,
1002427,101002,EQ900,1,2015,2018
1000855,100336,"씨에로",1,1994,1996
1002306,100908,807,1,2002,2010
1002305,100907,607,1,1998,2010
1002249,100870,"루탄",1,2008,2013
1002136,100788,"콜벳",1,1953,
1002117,100772,"뉴 STS",1,2007,2011
1001023,100347,"뉴 M클래스 W166",1,2012,2015
1001918,100635,"프론티어",1,1997,
1001005,100348,"뉴쎄라토",1,2006,2008
1001011,100349,"뉴카이런",1,2007,2011
1001838,100574,GX460,1,2009,
1002993,100350,"트랙스 크로스오버",1,2023,
1002648,101000,"더뉴QM6",1,2019,
1002808,100353,"더 뉴 렉스턴 스포츠 칸",1,2021,
1002421,100999,"탄토",1,2003,
1002420,100998,9-4X,1,2011,2012
1002419,100997,9000,1,,1997
1002418,100996,900,1,,1998
1002417,100995,"터보-X",1,2008,2008
1002413,100993,"뉴 9-3",1,2007,2012
1000831,100355,"비스토",1,1999,2004
1002606,100356,"클릭 하이브리드",1,2004,2006
1002412,100992,960,1,1990,1998
1002411,100991,940,1,1990,1998
1002106,100357,"가축운반차",1,,
1002410,100990,850,1,1992,1997
1002409,100989,760,1,,1990
1002406,100987,"XC90 2세대",1,2016,
1002405,100986,XC70,1,2002,2016
1001878,100598,"인테그라",1,,2006
1001890,100609,"모코",1,2002,
1002004,100701,"코펜",1,2002,
1002085,100749,"익스피디션",1,1997,
1002132,100784,"익스프레스밴",1,1991,
1002161,100811,"니트로",1,2006,2012
1002403,100984,V70,1,1997,2012
1001400,100274,"마티즈 클래식",1,2009,2011
1001579,100298,"SM7노바",1,2014,2019
1003477,100324,"G클래스 W465",1,2024,
1002672,100983,"V60 크로스 컨트리 2세대",1,2019,
1002400,100982,V50,1,2004,2012
1002395,100979,S80,1,1998,2016
1002391,100977,"뉴S60",1,2010,2018
1001132,100326,"기아버스(AM)",1,,
1002390,100976,S40,1,1995,2012
1002389,100975,C70,1,1997,2013
1000901,100327,"캐피탈",1,1989,1996
1002387,100973,"프리몬트",1,2011,
1000801,100330,"렉카",1,,
1002386,100972,"라페라리",1,2013,2013
1002383,100969,612,1,2004,2011
1002618,100331,"더뉴말리부",1,2018,
1002352,100945,"브레라",1,2005,2010
1002337,100930,"스파이더",1,2002,2007
1002696,100334,"GL클래스 X166",1,2012,2016
1002272,100892,107,1,2005,2014
1000865,100337,"암롤트럭",1,,
1000956,100338,"GLK클래스 X204",1,2009,2015
1000838,100339,"슈마",1,1997,2001
1003478,100340,"액티언 하이브리드(J120)",1,2025,
1002251,100872,"뮬산",1,2010,
1002206,100849,X-TYPE,1,2001,2009
1002204,100847,"리버티",1,2002,2013
1000869,100341,"에스페로",1,1990,1997
1001169,100342,"엑센트신형",1,2010,2019
1000906,100343,"콜벳",1,2012,2013
1000792,100345,"라비타",1,2001,2007
1001979,100682,"아웃랜더",1,2001,
1002152,100804,"지미",1,,1994
1002165,100815,"램픽업",1,1981,
1002170,100819,"어벤저",1,1995,2014
1002139,100791,SSR,1,2003,2006
1002573,100575,LS500,1,2018,
1002482,101032,"트랜짓",1,,
1001623,100310,"QM5네오",1,2014,2016
1002739,101001,G80(RG3),1,2020,
1002378,100966,550,1,1996,2001
1000923,100311,"트랙터",1,,
1000999,100312,"누비라스패건",1,1997,1999
1002366,100957,F430,1,2004,2009
1002365,100956,F355,1,1994,1999
1000948,100314,"CLK클래스",1,1997,2009
1002997,100315,"쏘나타 디 엣지 (DN8)",1,2023,
1002363,100954,F50,1,1995,1997
1002361,100952,FF,1,2011,2016
1002360,100951,"GTC4 루쏘",1,2016,
1000785,100271,"다이너스티",1,1996,2005
1002356,100949,4C,1,2013,
1002355,100948,"줄리에타",1,2010,
1002351,100944,"미토",1,2008,2018
1002350,100943,GTV,1,1994,2004
1002349,100942,GT,1,2003,2010
1002348,100941,166,1,1999,2007
1002347,100940,164,1,,1998
1002346,100939,159,1,2004,2011
1002622,100319,"더뉴카마로",1,2018,
1002343,100936,"시론",1,2016,2022
1000915,100412,"테라칸",1,2001,2007
1002341,100934,EB110,1,1991,1995
1002339,100932,"3200 GT",1,1998,2002
1002174,100822,"캘리버",1,2006,
1002175,100823,"르사블",1,,2005
1002338,100931,MC12,1,2004,2005
1000884,100279,"이스케이프",1,2001,
1002336,100929,"기블리",1,2013,
1001066,100292,"에쿠스(신형)",1,2009,2015
1002335,100928,"콰트로포르테",1,1963,
1002786,100293,"익스플로러 6세대",1,2019,
1003447,100927,"그란투리스모 (2세대)",1,2024,
1001365,100294,QX80,1,2014,
1002318,100917,500L,1,2013,
1002275,100895,206,1,1998,2010
1002274,100894,205,1,,1998
1002164,100814,"램밴",1,,2003
1002163,100813,"듀랑고",1,1998,
1002155,100807,"엔보이",1,1998,2009
1002722,100296,"대우버스(BC)",1,,
1002746,100763,"에비에이터 2세대",1,2019,
1001899,100617,"스카이라인",1,1981,
1001794,100559,944,1,,1991
1002686,100556,911(992),1,2019,
1002486,101034,"베리사",1,2004,2015
1002476,100297,"올뉴크루즈",1,2017,2018
1002332,100925,"그란스포츠",1,2004,2007
1002325,100920,"멀티피아",1,1998,2010
1002324,100919,"란치아",1,1996,1999
1002323,100918,500X,1,2016,
1002315,100916,"레벤톤",1,2008,2009
1002314,100915,"무르시엘라고",1,2001,2010
1000787,100299,"덤프",1,,
1000779,100300,"넥시아",1,1995,1996
1000808,100302,"마르샤",1,1995,1998
1002605,100303,"CLS클래스 C257",1,2018,
1002308,100910,"익스퍼트 티피",1,1995,
1002307,100909,RCZ,1,2010,2015
1000879,100305,"올란도",1,2011,2018
1000851,100306,"쌍용버스",1,,
1001014,100308,"뉴토러스",1,2009,
1002169,100818,"밴",1,,1996
1002645,100906,"508(2세대)",1,2019,
1002178,100825,"리비에라",1,1999,
1002615,100842,"랭글러 (JL)",1,2018,
1002890,100901,"308 3세대",1,2022,
1002273,100893,1007,1,2004,2009
1002269,100888,"미니",1,,2000
1002268,100887,CX-9,1,2006,
1001884,100604,"로그",1,2007,
1001854,100580,SC430,1,2001,2010
1001021,100275,"뉴 CL클래스 C216",1,2007,2013
1002327,100922,"쿠페",1,1993,2000
1000907,100276,"콤비(파워)",1,,
1002313,100914,"우라칸",1,2014,
1002478,100277,"더뉴아베오HB",1,2016,2019
1002312,100913,"아벤타도르",1,2011,
1001210,100280,Q70,1,2014,
1002311,100912,"디아블로",1,1990,2002
1002310,100911,"가야르도",1,2003,2013
1002298,100905,407,1,2004,2010
1002297,100904,406,1,1995,2004
1001029,100281,"XJ (X351)",1,2010,2019
1002296,100903,405,1,,1997
1002783,100898,e-2008,1,2020,
1002784,100897,e-208,1,2000,
1002265,100885,CX-5,1,2012,
1002263,100883,"유로파",1,2006,2010
1000895,100282,"카리스타",1,1992,1994
1000914,100283,"타호",1,1996,
1001578,100284,"SM5노바",1,2015,2019
1002262,100882,"엘리스",1,1996,
1003545,100877,"컨티넨탈 GT 4세대",1,2025,
1002255,100876,"에이트",1,,1992
1002253,100874,"아르나지",1,1998,2009
1002252,100873,"브룩랜즈",1,1992,2011
1000805,100288,"르망",1,,1997
1002742,100289,"CLA클래스 C118",1,2020,
1002166,100816,"매그넘",1,2005,2008
1001060,100290,"아벨라델타",1,1995,1999
1002151,100803,"유콘",1,1992,
1001743,100291,"TT (8S)",1,2014,
1002147,100799,"사바나",1,1996,
1002371,100961,360,1,1999,2005
1002013,100709,"트루퍼",1,,2005
1001972,100675,3000GT,1,1995,1999
1001970,100673,"해리어",1,1997,
1002565,100239,"더뉴스파크",1,2018,
1001953,100657,"솔라라",1,1998,2009
1001952,100656,"세콰이어",1,2001,
1001941,100646,"4러너",1,1984,
1001056,100240,"스펙트라윙",1,2000,2001
1001940,100645,JX,1,2012,2013
1000847,100241,"스피라",1,,
1001338,100251,"뉴체어맨W",1,2011,2017
1001927,100639,GT-R,1,2007,
1001920,100637,240SX,1,1989,1998
1001902,100620,"알마다",1,2004,
1001885,100605,"로렐",1,,2002
1001868,100590,"비트",1,1991,1996
1000926,100255,"티코",1,1991,2001
1001280,100268,"SM3 Z.E",1,2013,2020
1001649,100489,XK,1,1996,2015
1001588,100456,"BMW i3",1,2014,
1002548,100902,"3008 2세대",1,2017,2024
1000778,100269,"내장탑",1,,
1002286,100900,307,1,2001,2009
1002285,100899,306,1,1993,2002
1002279,100896,207CC,1,2006,2013
1002266,100886,"CX-7(2세대)",1,2006,2012
1002261,100881,"엑시지",1,2000,
1002260,100880,"에스프리",1,,2004
1002858,100871,"디 올 뉴 니로",1,2022,
1002167,100817,"바이퍼",1,1992,2017
1002071,100738,F150,1,1973,
1001545,100440,DBS,1,2007,
1003018,100454,"더 뉴 티볼리",1,2023,
1003370,100462,"프리우스 5세대",1,2024,
1002514,101046,"뉴코란도밴",10,1996,2005
1001001,100353,"뉴렉스턴",10,2003,2006
1003172,101283,"[윙바디]봉고프런티어",10,1998,2004
1003258,101280,"[보냉탑]타이탄",10,,1997
1001409,100318,"하이클래스(뉴)",10,,
1001184,100408,"카니발2",10,2001,2005
1000962,100435,K5,10,2010,2013
1001447,100315,"쏘나타 더 브릴리언트",10,2012,2014
1001851,100578,"RX 350",10,1997,2015
1001345,100325,"아반떼 하이브리드",10,2009,2013
1003247,101274,"[이동판매]봉고프런티어",10,1998,2004
1003097,101264,"[카고]더뉴봉고3 (LPG)",10,2019,
1000850,100403,"싼타페",10,2000,2005
1003342,101306,"[하이내장탑]봉고3 (LPG)",10,2004,2019
1001835,100573,GS430,10,1997,2012
1003178,101285,"[파워게이트]뉴포터",10,1996,2004
1001336,100217,"그랜저 뉴 럭셔리",10,2008,2009
1001316,100269,"탑/윙바디 파워게이트",10,,
1003358,101275,"[냉동탑]봉고3 (LPG)",10,2004,2019
1003201,101268,"[덤프]세레스",10,,2000
1001057,100402,"스포티지 밴",10,1993,2002
1003407,101295,"[파쇄차]봉고3",10,2004,2019
1000853,100404,"쏘렌토",10,2002,2006
1003120,101272,"[내장탑]뉴포터",10,1996,2004
1003502,100357,"재활용수집차",10,,
1003245,101274,"[이동판매]뉴라보",11,2008,
1003199,101268,"[덤프]리베로",11,2000,2007
1003418,101295,"[이동목욕차]봉고3",11,2004,2019
1003169,101283,"[윙바디]포터",11,,1996
1000800,100353,"렉스턴",11,2001,2003
1001429,100315,"YF 쏘나타",11,2009,2012
1002512,101046,"코란도 뉴훼미리",11,,1996
1003179,101285,"[파워게이트]뉴포터 (LPG)",11,1996,2004
1000846,100402,"스포티지",11,1993,2002
1001082,100408,"카니발밴",11,1998,2001
1001462,100318,"현대그린시티",11,,
1003135,101275,"[냉동탑]뉴포터",11,1996,2004
1003121,101272,"[내장탑]뉴포터 (LPG)",11,1996,2004
1001655,100357,"청소차",11,,
1001118,100435,"K5 하이브리드",11,2011,2015
1001836,100573,GS450h,11,1997,2012
1002464,100578,"RX 330",11,2003,2009
1003051,101264,"[카고]봉고3",11,2004,2019
1001302,100325,"아반떼 HD",11,2006,2010
1001288,100217,"그랜저 TG",11,2005,2008
1001224,100217,"뉴 그랜저 XG",12,2002,2005
1001227,100325,"뉴 아반떼 XD",12,2003,2006
1003099,101264,"[카고]봉고3 (LPG)",12,2004,2019
1001084,100357,"카캐리어",12,,
1001837,100573,GS460,12,2005,2012
1002465,100578,"RX 300",12,1997,2003
1003246,101274,"[이동판매]라보",12,1991,2006
1000893,100408,"카니발",12,1998,2001
1003183,101285,"[파워게이트]봉고3 (LPG)",12,2004,2019
1003127,101272,"[내장탑]포터",12,,1996
1003144,101275,"[냉동탑]봉고프런티어",12,1998,2004
1001432,100315,"쏘나타 하이브리드",12,2011,2014
1002511,101046,"코란도 훼미리",12,,1996
1003277,101283,"[윙바디]리베로",12,2000,2007
1003141,101275,"[냉동탑]포터",13,,1996
1002510,101046,"코란도 지프",13,,1996
1003052,101264,"[카고]뉴포터",13,1996,2004
1001260,100357,"캠핑카",13,,
1003176,101285,"[파워게이트]포터",13,,1996
1001412,100315,"NF 쏘나타 트랜스폼",13,2007,2013
1001165,100325,"아반떼 XD",13,2000,2003
1003128,101272,"[내장탑]포터 (LPG)",13,,1996
1001131,100217,"그랜저 XG",13,1998,2002
1003185,101285,"[파워게이트]포터 (LPG)",14,,1996
1003270,101272,"[내장탑]봉고프런티어",14,1998,2004
1003265,101275,"[냉동탑]와이드봉고",14,1989,1997
1003096,101264,"[카고]뉴포터 (LPG)",14,1996,2004
1001363,100315,"NF 쏘나타",14,2004,2007
1001071,100325,"올 뉴 아반떼",14,1998,2000
1001000,100217,"뉴 그랜저",14,1992,1998
1003261,101275,"[냉동탑]뉴라보",15,2008,
1000857,100325,"아반떼",15,1995,1998
1003281,101285,"[파워게이트]봉고프런티어",15,1998,2004
1003220,101264,"[카고]봉고프런티어",15,1998,2004
1000776,100217,"그랜저",15,,1992
1001292,100315,"뉴 EF 쏘나타",15,2001,2006
1003272,101272,"[내장탑]와이드봉고",15,1989,1997
1003262,101275,"[냉동탑]라보",16,1991,2006
1003280,101285,"[파워게이트]리베로",16,2000,2007
1001271,100315,"EF 쏘나타",16,1998,2001
1003267,101272,"[내장탑]뉴라보",16,2008,
1003053,101264,"[카고]포터",16,,1996
1003268,101272,"[내장탑]라보",17,1991,2006
1001162,100315,"쏘나타 III",17,1996,1998
1003100,101264,"[카고]포터 (LPG)",17,,1996
1003263,101275,"[냉동탑]리베로",17,2000,2007
1001053,100315,"쏘나타 II",18,1993,1996
1003264,101275,"[냉동탑]야무진",18,1998,2000
1003269,101272,"[내장탑]리베로",18,2000,2007
1003217,101264,"[카고]뉴라보",18,2008,
1003266,101275,"[냉동탑]타이탄",19,,1997
1000837,100315,"쏘나타",19,,1993
1003218,101264,"[카고]라보",19,1991,2006
1003271,101272,"[내장탑]야무진",19,1998,2000
1001052,100330,"셀프로더",2,,
1000881,100378,"옵티마",2,2000,2005
1002374,100964,"488 GTB",2,2015,2020
1002226,100859,"쿠퍼 S 클럽맨",2,2007,
1002223,100858,"쿠퍼 쿠페 S",2,2011,2015
1002221,100857,"쿠퍼 로드스터 S",2,2012,2015
1003444,100855,"쿠퍼 S 4세대",2,2024,
1003397,100860,"컨트리맨 (U25)",2,2024,
1002053,100726,"네온(1세대)",2,1996,1999
1002234,100861,"쿠퍼 SD 페이스맨",2,2013,
1001999,100697,"미라지노",2,1999,2009
1002719,100527,"1시리즈 (F40)",2,2020,2024
1002240,100864,"디스커버리 스포츠",2,2015,2019
1000939,100373,"프린스",2,1991,1996
1000813,100424,"맥스크루즈",2,2013,2015
1000933,100391,"포텐샤",2,1992,1997
1001639,100483,"DS3 카브리오",2,2013,
1002219,100856,"S 컨버터블",2,2001,
1002192,100838,"트랜스 앰",2,,2002
1001687,100512,"뉴 SL클래스",2,2008,
1001921,100637,200SX,2,,2002
1002714,100435,"K5 3세대",2,2019,
1000918,100420,"토픽",2,,1999
1002116,100771,SRX,2,2004,2009
1001078,100337,"진개차",2,,
1002242,100866,"레인지로버 4세대",2,2013,
1002245,100867,"레인지로버 스포츠",2,2004,2013
1002246,100868,"레인지로버 이보크",2,2011,2019
1002880,100871,"디 올 뉴 니로 EV",2,2022,
1000937,100422,"프레지오",2,1995,2004
1001264,100432,"포르테GDI",2,2008,2013
1001721,100530,"6시리즈 (E63)",2,2003,2010
1002947,100217,"그랜저 하이브리드 (GN7)",2,2022,
1001805,100567,"포포",2,2004,2006
1002574,100575,LS500h,2,2017,
1001969,100672,"하이랜더",2,2001,2020
1001982,100684,MX-5,2,1989,
1000892,100216,"카고(2.5~3톤)",2,,
1001093,100364,"타우너밴",2,1992,2002
1002267,100886,CX-7,2,2006,2016
1002280,100896,207GT,2,2006,2013
1000998,100269,"냉동탑",2,,
1002295,100902,3008,2,2009,2016
1001327,100268,"SM3 네오",2,2014,2019
1001311,100251,"체어맨W",2,2008,2011
1000845,100240,"스펙트라",2,2000,2004
1001558,100239,"더 넥스트 스파크",2,2015,2018
1002626,100720,"더 뉴 아이오닉 플러그인",2,2019,2021
1001561,100447,R8,2,2006,2015
1000860,100290,"아벨라",2,1994,2000
1000946,100289,"CLA클래스",2,2014,2019
1002236,100863,"디스커버리4",2,2009,2016
1003010,100877,"컨티넨탈 GT 3세대",2,2018,2024
1002283,100897,208,2,2013,2019
1002891,100898,"2008 2세대",2,2020,
1000986,100281,XJ,2,1994,2009
1001120,100280,Q60,2,2014,
1002477,100277,"더뉴아베오",2,2016,2019
1001089,100276,"코스모스(뉴)",2,,
1000947,100275,"CL클래스",2,1992,2006
1001817,100571,"뉴IS250",2,2013,
1001374,100274,"마티즈크리에이티브",2,2009,2011
1002276,100895,206CC,2,2000,2008
1002287,100900,307CC,2,2001,2009
1002196,100842,"랭글러",2,,2018
1002289,100901,"308 2세대",2,2014,
1002299,100905,407SW,2,2004,2010
1002177,100824,"리갈하이브리드",2,2011,
1002675,100906,"508SW(2세대)",2,2019,
1001022,100303,"CLS클래스 W218",2,2011,2017
1002317,100917,500C,2,2009,
1001174,100298,"올뉴SM7",2,2011,2014
1001657,100297,"어메이징 뉴 크루즈5",2,2015,2017
1003364,101311,"296 GTS",2,2022,
1001028,100295,"뉴XF",2,2011,2015
1001325,100294,QX70,2,2014,
1000887,100293,"익스플로러",2,1991,2019
1002334,100927,"그란투리스모",2,2007,2019
1000870,100292,"에쿠스",2,1999,2009
1001095,100285,"탱크로리",2,,
1000943,100278,A3,2,1996,2003
1002020,100423,"더뉴i40",2,2015,2019
1002454,100319,"올뉴카마로",2,2016,2018
1001349,100318,"에어로시티(슈퍼)",2,,
1002357,100949,"4C 쿠페",2,2013,2018
1001134,100312,"누비라2",2,1999,2002
1002377,100965,512M,2,1992,1994
1001024,100310,"뉴QM5",2,2011,2014
1002936,100577,"NX 350h",2,2022,
1002596,100581,"CR-V 5세대",2,2017,2023
1002101,100761,MKZ,2,2005,2009
1003384,100236,"카운티 뉴 브리즈",2,2020,
1002241,100865,"디펜더",2,1983,2016
1003402,100340,"액티언(J120)",2,2024,
1000955,100334,"GL클래스 X164",2,2006,2012
1001157,100333,"베르나신형",2,2005,2009
1002447,100331,"올뉴말리부",2,2016,2018
1001650,100489,XK8,2,1996,2006
1000973,100329,QM3,2,2013,2017
1001222,100326,"그랜버드",2,1994,2007
1002392,100977,S60,2,2000,2009
1002399,100981,"V40 크로스컨트리",2,2013,
1002830,100324,"G클래스 W463b",2,2019,2024
1002401,100983,V60,2,2010,2018
1000807,100273,"리오",2,1999,2002
1002407,100987,XC90,2,2003,2014
1001013,100356,"뉴클릭",2,2005,2010
1002414,100993,9-3,2,1998,2007
1002810,100353,"더 뉴 렉스턴 스포츠",2,2021,
1002425,101000,QM6,2,2016,2019
1000899,100349,"카이런",2,2005,2007
1000966,100347,"M클래스",2,1997,2011
1002927,100796,"스프린터 2세대",2,2006,2018
1002200,100843,"올 뉴 그랜드체로키",2,2021,
1002248,100869,"프리랜더",2,1997,2006
1001181,100344,"집게차",2,,
1001007,100342,"뉴엑센트",2,1997,1999
1000790,100322,"라노스",2,1996,2000
1002158,100809,"H2 SUT",2,2002,2009
1000863,100384,"아토스",2,1997,2002
1000917,100379,"토스카",2,2006,2008
1000909,100372,"크레도스",2,1995,1998
1000929,100365,"포니",2,,1982
1000889,100363,"젠트라",2,2005,2011
1000885,100362,"이스타나",2,1995,2003
1000925,100361,"티뷰론",2,1996,2001
1002741,100360,"모닝 어반",2,2020,2023
1002663,101021,"CT6 Reborn",2,2019,
1001051,100335,"세피아레오",2,1992,1997
1002463,101024,"GLS클래스 X166",2,2016,2019
1002471,101027,"두에고CT",2,2015,
1002145,100797,"GLE 클래스 W166",2,2016,2019
1003042,100408,"더 뉴 카니발 4세대",2,2023,
1002153,100805,"캐니언",2,2003,2022
1003029,100403,"싼타페 하이브리드 MX5",2,2023,
1002404,100985,XC60,2,2009,2017
1002426,101001,G80,2,2016,2020
1001039,100398,"록스타R2",2,1993,1997
1000883,100397,"윈스톰",2,2006,2010
1002019,100394,"더 뉴 i30",2,2015,2016
1003472,101040,"디 올 뉴 코나 하이브리드 (SX2)",2,2023,
1001139,100390,"더뉴제네시스쿠페",2,2011,2016
1000919,100388,"투스카니",2,2001,2006
1002916,101046,"코란도 이모션",2,2022,
1001009,100387,"뉴오피러스",2,2006,2009
1003000,100578,"RX 450h(5세대)",2,2023,
1001823,100572,"뉴ES350",2,2012,2018
1002544,101056,E350,2,1961,
1002659,100434,"K7 프리미어 하이브리드",2,2019,2021
1002480,101031,"볼트EV",2,2017,
1002489,101036,"718 박스터",2,2016,
1002619,100433,"쏘울 부스터",2,2019,2021
1003451,101047,"무쏘 스포츠(Q261)",2,2025,
1001624,100421,"더뉴벨로스터",2,2015,2018
1000826,100417,"봉고3미니버스",2,2004,2005
1001396,100416,"그랜드 스타렉스 밴",2,2008,2018
1002949,101064,"LC 500 컨버터블",2,2017,
1001198,100415,"하이베스타",2,1992,1997
1001637,100482,"C5 투어러",2,2000,2008
1001634,100481,"C4 피카소",2,2013,
1003438,101077,"디 올 뉴 팰리세이드 하이브리드",2,2025,
1001632,100480,"C3 피카소",2,2008,2017
1002529,100462,"프리우스 4세대",2,2016,2023
1002604,100461,"캠리(XV70)",2,2017,2024
1001569,100452,Q7,2,2005,2015
1002743,100450,"Q5 (FY)",2,2017,2025
1002108,100445,"CTS 2세대",2,2008,2014
1002416,100994,9-5,2,1997,2009
1002735,101028,M8,2,2019,
1002498,101041,"스팅어",2,2017,2020
1002547,101058,"알파드",2,2002,
1002560,101061,"넥쏘",2,2018,2025
1002566,101062,"이쿼녹스",2,2018,
1001665,100495,"뉴 A4",2,2005,2016
1002610,101079,"마스터 밴",2,2018,
1001598,100460,"아발론",2,1994,2018
1001551,100442,"뱅퀴시 S",2,2004,2018
1003527,101097,"셀토스 하이브리드(SP3)",2,2026,
1000877,100377,"엘란트라",2,1990,1993
1001090,100321,"콘테이너샤시",2,,
1001293,100284,"뉴SM5플래티넘",2,2012,2015
1002127,100779,"블레이저",2,,2005
1001728,100533,"뉴 Z4 (E89)",2,2009,2016
1001717,100528,"2시리즈 (F22)",2,2013,2016
1002609,101078,G90,2,2018,2021
1002938,101089,"UX 300e",2,2022,
1002641,101091,"X2 (F39)",2,2018,2023
1002654,101093,"노틸러스",2,2019,2023
1002602,100524,"3시리즈 (F30)",2,2012,2018
1001691,100514,"C클래스 W205",2,2014,2021
1001705,100444,"5시리즈 GT (F07)",2,2010,2017
1002555,100438,"올뉴 K3",2,2018,2021
1003380,101114,"SF90 스파이더",2,2021,
1002721,101119,GV80,2,2020,
1001130,100395,"갤로퍼2",2,1997,2003
1000852,100348,"쎄라토",2,2003,2006
1000931,100320,"포커스",2,1998,2010
1002948,101124,"XM3 E-테크 하이브리드",2,2022,2024
1002124,100777,"루미나 미니밴",2,1990,1996
1001791,100555,"골프 7세대",2,2013,2019
1002564,100551,"티구안(2세대)",2,2018,
1001775,100549,CC,2,2008,2012
1002616,101084,XC40,2,2018,
1001764,100543,"뉴비틀",2,1998,2012
1002773,101107,"리얼 뉴 콜로라도",2,2020,2024
1001698,100518,"SLK클래스",2,1996,
1002720,101118,"트레일블레이저",2,2020,2023
1002737,101126,Q8,2,2018,
1000777,100413,"그레이스",2,1993,2004
1002210,100400,"더 뉴 모하비",2,2016,2019
1001038,100374,"로체 어드밴스",2,2007,2008
1001035,100346,"라세티프리미어",2,2008,2011
1002762,101136,"X5M (E70, F85)",2,2010,2018
1002882,101148,"일렉트리파이드 GV70",2,2022,
1003431,101156,"아이오닉 5 N",2,2024,
1002451,100573,"뉴GS F",2,2016,2017
1001808,100569,57s,2,2005,2012
1001802,100566,"포투 쿠페 (3세대)",2,2014,
1002691,101105,"아틀라스",2,2017,
1002617,100564,"파나메라(971)",2,2017,2024
1001781,100552,"뉴 투아렉",2,2010,2018
1001760,100542,A7,2,2010,2017
1001549,100441,"V12 밴티지",2,2009,2018
1001544,100439,DB9,2,2004,2016
1003414,101154,"뉴 K8 하이브리드",2,2024,
1002730,101100,"F8 스파이더",2,2019,
1002381,100968,"599 GTO",2,2010,2012
1002368,100958,"F12 TDF",2,2015,2015
1003404,101173,"캐스퍼 일렉트릭",2,2024,
1002333,100926,"그란카브리오",2,2010,2019
1003514,101190,"뉴 GV60 마그마",2,2026,
1002201,100844,"컴패스",2,2007,2017
1001696,100516,"S클래스-W222",2,2013,2021
1002791,101049,"더 뉴 G70",2,2020,
1002729,101073,812GTS,2,2020,
1002924,101137,"X6M (F86)",2,2015,2019
1002812,101158,"스타리아",2,2021,2025
1002865,101213,S7,2,2012,2017
1002872,101217,"iX3 (G08)",2,2021,2025
1003025,101220,"토레스 EVX",2,2023,
1002971,101222,"S5 (F5)",2,2018,
1001307,100309,"올뉴프라이드",2,2011,2015
1003499,101223,"아이오닉 6 N",2,2025,
1002118,100772,STS,2,2004,2007
1002595,100601,"파일럿 3세대",2,2015,2023
1002910,101227,"뉴 S4",2,2008,2016
1002945,101228,"브라보 EV",2,2022,
1002568,100593,"어코드(10세대)",2,2018,2023
1001870,100592,"뉴시빅",2,2005,2011
1001865,100588,"레전드4세대",2,2004,2012
1001839,100574,GX470,2,2002,2009
1002827,101167,EV6,2,2021,2024
1001811,100570,62s,2,2006,2012
1002973,101225,"EQS SUV X296",2,2023,
1003020,100454,"더 뉴 티볼리 에어",2,2023,
1002950,101236,S8,2,1994,2017
1003463,101239,"ET VAN 프로",2,2024,
1003428,100402,"더 뉴 스포티지 5세대 하이브리드 (NQ5)",2,2024,
1003002,100315,"쏘나타 디 엣지 하이브리드 (DN8)",2,2023,
1003009,101243,"EQE SUV X294",2,2023,
1002173,100821,"그랜드 캐러밴",2,1984,
1002968,101245,S6,2,1994,2018
1002160,100810,H3T,2,2009,2010
1002974,101246,S3,2,1996,2022
1002122,100776,"에스컬레이드",2,1999,2020
1002976,101247,RS3,2,2003,2012
1002104,100764,"컨티넨탈",2,,2002
1002103,100763,"에비에이터",2,2002,2005
1002979,101249,RS5,2,2010,2017
1002981,101250,RS6,2,2002,2018
1001852,100579,RC350,2,2015,
1003549,101252,"SQ8 e-트론",2,2024,
1002989,101255,TTRS,2,2009,2014
1002701,100540,"A6 (C8)",2,2019,
1001733,100537,"X4 (F26)",2,2014,2018
1002485,100525,"5시리즈 (G30)",2,2017,2023
1001249,100411,"올뉴 카렌스",2,2013,2016
1002850,101192,"플라잉스퍼 2세대",2,2013,2019
1002983,101251,SQ5,2,2013,2017
1000786,100296,"대우버스(090/35인)",2,,
1002098,100760,"뉴 MKX",2,2010,2015
1002095,100758,MKS,2,2008,2012
1001985,100685,RX-8,2,2003,2012
1003321,101265,"[활어차]봉고3 (LPG2.5터보)",2,2024,
1001945,100649,MR-2,2,,2007
1001942,100647,86,2,2012,
1003417,101267,"[고소작업차]더뉴봉고3",2,2020,
1002862,101214,RS7,2,2014,2017
1001939,100644,FX,2,2003,2008
1002987,101254,TTS,2,2008,2014
1003398,101264,"[카고]ST1 (EV)",2,2024,
1001933,100642,M35,2,2003,2010
1003293,101268,"[덤프]봉고3 (LPG2.5터보)",2,2024,
1001924,100638,350Z,2,2003,2009
1002582,100535,"X1 (F48)",2,2016,
1003007,100325,"더 뉴 아반떼 하이브리드 (CN7)",2,2023,
1003296,101270,"[홈로리]봉고3 (LPG2.5터보)",2,2024,
1003079,101271,"[진개차]봉고3",2,2004,2019
1003299,101272,"[내장탑]봉고3 (LPG2.5터보)",2,2024,
1003062,101266,"[캠핑]포터2",2,2004,
1002080,100744,"브롱코",2,,1996
1002581,100743,"몬데오 3세대",2,2007,2014
1002010,100706,"임프레자WRX",2,1993,
1001966,100670,"크라운마제스타",2,1991,
1001946,100650,"라브4",2,1994,2018
1001773,100548,"더 뉴 파사트",2,2011,
1003110,101274,"[스넥카]포터2",2,2004,
1003304,101275,"[냉동탑]포터2 (LPG2.5터보)",2,2024,
1003194,101269,"[렉카]리베로",2,2000,2007
1001229,100386,"다마스2 밴",2,2003,2007
1000916,100308,"토러스",2,,2009
1000774,100357,"곡물수송차",2,,
1003145,101276,"[냉온장탑]더뉴봉고3",2,2019,
1003306,101277,"[냉장탑]봉고3 (LPG2.5터보)",2,2024,
1003153,101278,"[다용도탑]포터2",2,2004,
1003309,101279,"[미닫이탑]봉고3 (LPG2.5터보)",2,2024,
1003047,100742,"머스탱 6세대",2,2015,2023
1003156,101280,"[보냉탑]봉고3",2,2004,2019
1002076,100741,"레인저",2,1983,2023
1002072,100738,F250,2,1988,
1003160,101281,"[시티밴]포터2",2,2004,
1002066,100734,"캐러밴",2,1984,
1003162,101282,"[워크스루밴]더뉴봉고3",2,2019,
1002060,100729,"세브링",2,1995,2006
1003312,101283,"[윙바디]봉고3 (LPG2.5터보)",2,2024,
1003173,101284,"[택배전용]더뉴봉고3",2,2019,
1001792,100556,911,2,1989,2019
1003317,101285,"[파워게이트]봉고3 (LPG2.5터보)",2,2024,
1001725,100531,"7시리즈 (F01)",2,2008,2015
1000864,100410,"알페온",2,2010,2015
1003030,100404,"더 뉴 쏘렌토 4세대 하이브리드",2,2023,
1003505,101286,"[호로차]봉고3",2,,
1002054,100727,"뉴 그랜드보이저",2,2008,2017
1003208,101290,"[사다리]봉고3",2,2004,2019
1002035,100719,SM6,2,2016,2020
1003212,101291,"[집게]봉고3",2,2004,2019
1003516,101292,"[크레인]더뉴봉고3",2,,
1003319,101293,"[운전교습용]봉고3 (LPG2.5터보)",2,2024,
1003250,101294,"[이동광고차]봉고3",2,2004,2019
1003237,101295,"[싸인카]포터2",2,2004,
1001845,100576,"LX (J200)",2,2008,2021
1003301,101296,"[내장탑파워게이트]봉고3 (LPG2.5터보)",2,2024,
1003508,101297,"[익스(하이)내장탑파워게이트]포터2 EV",2,,
1003292,101298,"[냉동탑파워게이트]봉고3",2,2004,2019
1002570,100536,"X3 (G01)",2,2017,2024
1003401,101300,"[윙바디파워게이트]더뉴봉고3",2,2019,
1001719,100529,"4시리즈 (F32)",2,2013,2020
1003315,101301,"[와이드파워게이트]봉고3 (LPG2.5터보)",2,2024,
1002031,100526,"올뉴300C",2,2011,2012
1003233,101302,"[접이식탑차]라보",2,1991,2006
1002449,100515,"E-클래스 W213",2,2016,
1002557,100437,"더 K9",2,2018,2021
1003331,101304,"[저상내장탑]포터2 (LPG2.5터보)",2,2024,
1001002,100358,"뉴로디우스",2,2007,2012
1003337,101305,"[저상냉동탑]포터2 (LPG2.5터보)",2,2024,
1002045,100722,"GLC클래스 X253",2,2016,2023
1003346,101306,"[하이내장탑]포터2 (LPG2.5터보)",2,2024,
1002041,100721,CT,2,2010,2014
1003350,101307,"[하이냉동탑]봉고3 (LPG2.5터보)",2,2024,
1002033,100718,"200컨버터블",2,2011,2014
1003354,101308,"[하이냉장탑]봉고3 (LPG2.5터보)",2,2024,
1001956,100660,"수프라",2,,2002
1003360,101310,"그레칼레",2,2022,
1001685,100511,"A클래스 W176",2,2013,2018
1002963,100436,"더 뉴 기아 레이",2,2022,
1003373,101316,"아르카나 하이브리드",2,2024,
1001027,100291,"뉴TT",2,2006,2014
1001930,100641,G35,2,2003,2008
1001914,100631,"패스파인더",2,,2012
1001801,100565,"마칸",2,2014,
1001769,100546,"뉴 제타",2,2011,2018
1002676,100484,"DS4 크로스백",2,2016,
1003410,101331,"그랑 콜레오스",2,2024,
1001570,100453,A5,2,2007,2016
1003044,100405,"더 뉴 투싼 하이브리드 (NX4)",2,2023,
1001895,100613,"블루버드",2,,2001
1001889,100608,"맥시마",2,,2014
1003497,101343,"EX30 크로스 컨트리",2,2025,
1001886,100606,"리프",2,2010,2018
1001855,100580,SC300,2,1991,2000
1003466,101350,"[레저]트레일러",2,,
1001798,100562,"뉴 카이엔",2,2010,2018
1001758,100541,"뉴A8",2,2002,2017
1001739,100539,"X6 (F16)",2,2014,2019
1001736,100538,"X5 (F15)",2,2013,2018
1000799,100396,"레토나",2,1998,2003
1001704,100523,"GLA클래스 X156",2,2014,2020
1002458,100350,"더뉴트랙스",2,2016,
1001582,100455,"A1 스포트백",2,2010,2018
1003219,101264,"[카고]리베로",20,2000,2007
1003273,101272,"[내장탑]타이탄",20,,1997
1003221,101264,"[카고]세레스",21,,2000
1001101,100432,"포르테쿱",3,2009,2013
1001255,100251,"체어맨H 뉴클래식",3,2011,2014
1002764,101137,"X6M (E71, F16)",3,2009,2014
1003188,101286,"[호로차]뉴포터",3,1996,2004
1002055,100727,"그랜드보이저",3,1988,2007
1003323,100742,"머스탱 5세대",3,2005,2014
1002652,100482,"C5 에어크로스",3,2019,
1003539,100528,"2시리즈 그란쿠페 (F74)",3,2025,
1003111,101274,"[스넥카]포터2 (LPG)",3,2004,
1002806,101154,K8,3,2021,2024
1002627,100315,"쏘나타 (DN8)",3,2019,
1002032,100718,"200(1세대)",3,2011,2014
1002811,101156,"아이오닉 5",3,2021,2024
1002545,101056,E450,3,1961,
1003274,101290,"[사다리]봉고프런티어",3,1998,2004
1002375,100964,"488 스파이더",3,2015,2020
1001790,100555,"골프 6세대",3,2008,2012
1001780,100552,"투아렉",3,2002,2010
1003209,101291,"[집게]뉴포터",3,1996,2004
1001803,100566,"포투 쿠페",3,1998,2015
1002227,100859,"쿠퍼 D 클럽맨",3,2009,
1001998,100697,"미라",3,1989,
1002930,100856,"컨버터블 (F57)",3,2015,
1003355,101308,"[하이냉장탑]포터2",3,2004,
1002851,101192,"플라잉스퍼 1세대",3,2005,2013
1003214,101292,"[크레인]봉고3",3,2004,2019
1002528,101049,G70,3,2017,2020
1003154,101279,"[미닫이탑]더뉴봉고3",3,2012,
1000871,100342,"엑센트",3,1994,1997
1002660,100454,"베리 뉴 티볼리",3,2019,2023
1002836,101173,"캐스퍼",3,2021,2024
1002237,100863,"디스커버리3",3,2004,2009
1001925,100638,300ZX,3,,2000
1002715,100435,"K5 3세대 하이브리드",3,2019,
1001763,100543,"비틀",3,1938,2003
1001235,100344,"바가지차",3,,
1003249,101293,"[운전교습용]포터2",3,2004,
1003375,101220,"더 뉴 토레스",3,2024,
1001076,100390,"제네시스쿠페",3,2008,2011
1002894,101222,S5,3,2007,2014
1001922,100637,180SX,3,1989,1998
1002897,101223,"아이오닉 6",3,2022,
1001931,100641,G37,3,2008,2013
1001651,100489,XKR,3,1996,2015
1002902,101225,"EQS V297",3,2021,
1001848,100577,"NX 300h",3,2014,2021
1002073,100738,F350,3,1999,
1002970,101227,S4,3,1991,2008
1003239,101295,"[엠블런스]봉고3",3,2004,2019
1002912,101228,"젤라 EV",3,2021,
1003452,101047,"무쏘 칸",3,2025,
1002079,100743,"몬데오",3,1992,2007
1001872,100593,"올뉴어코드",3,2008,2017
1001871,100592,"시빅",3,,2005
1001866,100588,"레전드",3,1990,2004
1000922,100350,"트랙스",3,2013,2016
1002608,100353,"렉스턴 스포츠 칸",3,2019,2021
1002854,101158,"스타리아 킨더",3,2021,2025
1001846,100576,"LX (J100)",3,1998,2007
1001812,100570,"62 제플린",3,2010,2012
1000911,100356,"클릭",3,2002,2005
1001048,100415,"베스타밴",3,1990,1997
1002535,100357,"문서파쇄압축차량",3,,
1003511,101296,"[내장탑파워게이트]포터2 (EV)",3,,
1002957,101239,"ET VAN",3,2022,2023
1003253,101280,"[보냉탑]뉴라보",3,2008,
1002197,100843,"그랜드 체로키",3,1993,2022
1001735,100538,"X5 (E70)",3,2007,2013
1001601,100462,"프리우스",3,1997,2015
1003228,101297,"[익스(하이)내장탑파워게이트]봉고3",3,2004,2019
1001779,100551,"뉴티구안",3,2011,2016
1001856,100581,"뉴CR-V",3,2011,2016
1003068,101268,"[덤프]포터2",3,2004,
1002224,100858,"쿠퍼 쿠페 SD",3,2012,2015
1001768,100546,"제타",3,1979,2011
1002393,100977,"S60 크로스컨트리",3,2015,2018
1003445,100855,"쿠퍼 C 4세대",3,2024,
1002099,100760,MKX,3,2006,2010
1003130,101272,"[내장탑]포터2 (EV)",3,2019,
1001853,100579,"RC F",3,2015,
1003231,101300,"[윙바디파워게이트]포터2",3,2004,
1001695,100516,"S클래스-W221",3,2005,2013
1001809,100569,"57 제플린",3,2010,2012
1001754,100540,"뉴A6",3,2004,2018
1002818,100326,"뉴그랜버드",3,2007,
1001166,100330,"언더리프트",3,,
1003078,101271,"[진개차]뉴포터",3,1996,2004
1000816,100400,"모하비",3,2007,2016
1001840,100575,LS600hL,3,2006,2017
1003235,101301,"[트랜스파워게이트]포터2",3,2004,
1003343,101306,"[하이내장탑]봉고3 (LPG2.5터보)",3,2024,
1001686,100512,"SL클래스",3,,2008
1001684,100511,"A클래스",3,1997,2012
1001064,100340,"액티언스포츠",3,2006,2011
1001140,100411,"뉴 카렌스",3,2006,2013
1002144,100796,"스프린터 1세대",3,1995,2006
1000836,100335,"세피아",3,1992,1997
1003396,100860,"컨트리맨 (F60)",3,2017,2024
1003285,101270,"[유조차]포터2",3,2004,
1002382,100968,599XX,3,2009,2009
1000859,100277,"아베오",3,2011,2016
1000974,100310,QM5,3,2007,2011
1002500,100433,"쏘울 EV",3,2014,2019
1003298,101264,"[카고]포터2 (LPG2.5터보)",3,2024,
1002889,100871,"니로 플러스 EV",3,2022,
1002256,100877,"컨티넨탈 GT 2세대",3,2011,2018
1001881,100601,"파일럿",3,2003,2015
1001690,100514,"C클래스 W204",3,2007,2014
1000780,100312,"누비라",3,1997,1999
1002036,100434,"올 뉴 K7",3,2016,2019
1001543,100439,DB7,3,1994,2007
1002358,100949,"4C 스파이더",3,2018,2020
1001797,100562,"카이엔",3,2002,2010
1000912,100364,"타우너",3,1992,2002
1001246,100318,"에어로스페이스(뉴)",3,,
1002702,100217,"더 뉴 그랜저 IG",3,2019,
1001664,100495,A4,3,1994,2005
1003069,101269,"[렉카]포터2",3,2004,
1003149,101277,"[냉장탑]포터2",3,2004,
1001278,100294,QX60,3,2014,
1001080,100216,"카고(3.5~4톤)",3,,
1002740,100325,"아반떼 (CN7)",3,2020,2023
1001031,100296,"대우버스(BF)",3,,
1003004,100484,"DS4 2세대",3,2022,
1002734,100404,"쏘렌토 4세대(MQ4)",3,2020,2023
1000803,100374,"로체",3,2005,2007
1002656,100720,"더 뉴 아이오닉 일렉트릭",3,2019,2021
1000985,100295,XF,3,2008,2011
1003328,101304,"[저상내장탑]봉고3 (LPG2.5터보)",3,2024,
1001554,100444,"3시리즈 GT (F34)",3,2013,
1002107,100269,"냉장탑",3,,
1001934,100642,M37,3,2010,2013
1001635,100481,"그랜드 C4 피카소",3,2013,2018
1001142,100268,"뉴SM3(신형)",3,2009,2014
1002503,100438,"더뉴 K3유로",3,2016,2018
1001645,100239,"스파크 EV",3,2013,2016
1001967,100670,"크라운",3,1979,
1002887,101097,"더 뉴 셀토스",3,2023,
1002422,100236,"뉴카운티",3,2012,2020
1003059,101265,"[활어차]포터2",3,2004,
1002583,100571,"뉴IS300",3,2017,
1001236,100285,"버큠로리",3,,
1002552,100436,"더 뉴 레이",3,2017,2022
1001656,100297,"어메이징 뉴 크루즈",3,2015,2017
1001228,100284,"뉴SM5(신형)",3,2010,2012
1000991,100395,"갤로퍼밴",3,1995,2003
1001216,100281,XJ-6,3,1994,2007
1002316,100917,500,3,2007,
1002284,100898,2008,3,2013,2020
1003060,101266,"[캠핑]더뉴봉고3",3,2019,
1002281,100896,207RC,3,2006,2009
1000972,100280,Q50,3,2014,
1001124,100298,"SM7뉴아트",3,2008,2011
1001723,100530,M6,3,2005,2018
1000949,100303,"CLS클래스 W219",3,2004,2011
1002301,100906,508,3,2011,2018
1002243,100866,"레인지로버",3,,2012
1001248,100274,"올뉴마티즈밴",3,2005,2009
1003082,101267,"[고소작업차]봉고3",3,2004,2019
1001727,100533,"Z4 (E85)",3,2002,2008
1002277,100895,206RC,3,2002,2008
1001711,100526,300C,3,2004,2010
1002288,100900,307SW,3,2001,2009
1003446,101305,"[저상냉동탑]포터2 (EV)",3,2019,
1002290,100901,308,3,2007,2014
1002300,100905,"407쿠페",3,2004,2010
1001567,100450,Q5,3,2008,2016
1001004,100333,"뉴베르나",3,2002,2005
1001757,100541,A8,3,1994,2002
1002402,100983,"V60 크로스컨트리",3,2015,2018
1003159,101281,"[시티밴]뉴포터",3,1996,2004
1001030,100386,"다마스 밴",3,1991,2003
1001707,100524,"3시리즈 (E90)",3,2005,2013
1002572,101064,"LC 500h",3,2017,
1003163,101282,"[워크스루밴]봉고3",3,2004,2019
1002637,101089,"UX 250h",3,2019,
1001370,100416,"그랜드 스타렉스",3,2007,2017
1001716,100527,"1시리즈 (F20)",3,2012,2019
1002888,101077,"더 뉴 팰리세이드",3,2022,2024
1002520,101046,"코란도투리스모",3,2013,2019
1002650,100480,"C3 에어크로스",3,2017,
1001710,100525,"5시리즈 (F10)",3,2010,2016
1000878,100387,"오피러스",3,2003,2006
1003171,101283,"[윙바디]포터2 (EV)",3,2019,
1002694,101107,"콜로라도",3,2019,2020
1001548,100441,"V8 밴티지",3,2005,2018
1003146,101276,"[냉온장탑]봉고3",3,2004,2019
1002777,100405,"투싼 (NX4)",3,2020,2023
1003005,101040,"디 올 뉴 코나 일렉트릭 (SX2)",3,2023,
1001136,100394,"뉴 i30",3,2011,2015
1000804,100398,"록스타",3,1990,1993
1000824,100421,"벨로스터",3,2011,2014
1001627,100321,"캠핑운송트레일러",3,,
1000896,100319,"카마로",3,2011,2015
1001265,100309,"프라이드신형",3,2005,2011
1001825,100572,ES350,3,2006,2012
1000954,100324,"G클래스 W463",3,1990,2018
1002828,100402,"스포티지 5세대 (NQ5)",3,2021,2024
1001772,100548,"뉴 파사트",3,2005,2011
1003187,101285,"[파워게이트]포터2 (EV)",3,2019,
1001738,100539,"X6 (E71)",3,2008,2014
1002903,100529,"M4 (G82)",3,2021,
1001600,100461,"뉴캠리",3,2012,2017
1002723,100483,"DS3 크로스백",3,2018,
1003303,101275,"[냉동탑]봉고3 (LPG2.5터보)",3,2024,
1002022,100437,"더 뉴 K9",3,2014,2018
1002753,100403,"더 뉴 싼타페",3,2020,2023
1003351,101307,"[하이냉동탑]포터2",3,2004,
1001693,100515,"E-클래스 W212",3,2009,2017
1000811,100331,"말리부",3,2011,2016
1001724,100531,"7시리즈",3,,2008
1001983,100684,MX-6,3,,1997
1003015,101031,"뉴 볼트 EV",3,2021,
1002768,100408,"카니발 4세대",3,2020,2023
1003151,101278,"[다용도탑]더뉴봉고3",3,2019,
1003001,100578,"RX 500h(5세대)",3,2023,
1001116,100423,i40Saloon,3,2012,2015
1002472,101028,"8시리즈",3,1989,1999
1001732,100536,"X3 (F25)",3,2011,2017
1002109,100445,"CTS 1세대",3,2002,2007
1001828,100573,"뉴GS250",3,2012,2016
1001730,100535,"X1 (E84)",3,2010,2015
1000802,100358,"로디우스",3,2004,2007
1002461,100360,"올 뉴 모닝 (JA)",3,2017,2020
1000982,100291,TT,3,1998,2006
1001800,100564,"파나메라",3,2009,2016
1000844,100239,"스파크",4,2011,2015
1002817,101154,"K8 하이브리드",4,2021,2024
1002941,101228,"VBUS 60",4,2020,
1001731,100536,"X3 (E83)",4,2004,2010
1000898,100236,"카운티(e)",4,2004,2012
1001143,100386,"다마스2",4,2003,2007
1002669,101097,"셀토스",4,2019,2023
1000822,100415,"베스타",4,,1997
1003056,101265,"[활어차]더뉴봉고3",4,2019,
1001183,100216,"카고(4.5~5톤)",4,,
1002228,100859,"쿠퍼 SD 클럽맨",4,2013,
1003065,101268,"[덤프]더뉴봉고3",4,2019,
1001133,100285,"기타액체운반",4,,
1002665,100573,"뉴GS300",4,2017,
1002460,100434,"올 뉴 K7 하이브리드",4,2016,2019
1001214,100284,"SM5뉴임프레션",4,2007,2010
1000964,100437,K9,4,2012,2014
1002772,100325,"아반떼 하이브리드 (CN7)",4,2020,2023
1001092,100297,"크루즈5",4,2011,2014
1003240,101295,"[엠블런스]봉고프런티어",4,1998,2004
1001283,100281,XJ-8,4,1997,2009
1002319,100917,"500쿠페",4,1993,2000
1003297,101264,"[카고]봉고3 (LPG2.5터보)",4,2024,
1001702,100360,"더 뉴 모닝",4,2015,2017
1000773,100395,"갤로퍼",4,1991,1997
1002666,100578,"RX 350(4세대)",4,2016,2022
1002688,100315,"쏘나타 하이브리드 (DN8)",4,2019,
1001277,100280,Q45,4,1990,2008
1003234,101301,"[와이드파워게이트]더뉴봉고3",4,2019,
1003061,101266,"[캠핑]봉고3",4,2004,2019
1002931,100860,"컨트리맨 (R60)",4,2010,2016
1001857,100581,CR-V,4,1996,2011
1000980,100298,SM7,4,2004,2008
1002057,100727,"플리머스보이저",4,1984,2000
1002709,100579,RC300,4,2019,
1002302,100906,508SW,4,2011,2018
1002213,100855,"쿠퍼",4,2001,2024
1002278,100895,206SW,4,1998,2010
1003081,101267,"[고소작업차]뉴포터",4,1996,2004
1001692,100515,"E-클래스",4,,2009
1003147,101277,"[냉장탑]더뉴봉고3",4,2019,
1001172,100274,"올뉴마티즈",4,2005,2009
1003107,101274,"[스넥카]봉고3",4,2004,2019
1002550,100353,"렉스턴 스포츠",4,2018,2021
1001926,100638,"페어레이디",4,,2022
1002599,100720,"아이오닉 플러그인",4,2016,2020
1002453,100481,"C4 각투스",4,2014,
1001841,100575,LS460L,4,2006,2017
1001935,100642,M45,4,2003,2010
1001714,100527,"1시리즈 (E82)",4,2004,2013
1001196,100309,"프라이드밴",4,,2000
1002291,100901,308CC,4,2007,2014
1003334,101305,"[저상냉동탑]봉고3 (EV)",4,2020,
1001652,100489,XKR-S,4,2011,2015
1001789,100555,"골프 5세대",4,2004,2009
1003327,101304,"[저상내장탑]봉고3 (EV)",4,2020,
1002738,100404,"쏘렌토 4세대(MQ4)하이브리드",4,2020,2023
1001599,100461,"캠리",4,,2011
1001083,100411,"카렌스 2",4,2002,2006
1003259,101281,"[시티밴]리베로",4,2000,2007
1003227,101296,"[내장탑파워게이트]포터2",4,2004,
1001720,100529,"M4 (F82)",4,2014,2021
1000820,100333,"베르나",4,1999,2002
1002824,100528,"2시리즈 그란쿠페 (F44)",4,2020,2024
1001055,100416,"스타렉스 밴",4,2000,2007
1002556,100435,"더 뉴 K5 2세대",4,2018,2019
1002624,100871,"더 뉴 니로 PHEV",4,2019,2022
1003260,101282,"[워크스루밴]봉고프런티어",4,1998,2004
1002282,100896,207SW,4,2008,2009
1000866,100340,"액티언",4,2005,2011
1001734,100538,"X5 (E53)",4,2000,2006
1001182,100251,"체어맨H",4,2008,2011
1001706,100524,"3시리즈",4,,2006
1002517,101046,"뉴스타일코란도C",4,2017,2018
1001778,100551,"티구안",4,2007,2011
1002077,100742,"머스탱",4,1964,2004
1001709,100525,"5시리즈 (E60)",4,2003,2010
1002198,100843,"체로키(KL)",4,2014,
1001115,100394,"i30 CW",4,2008,2011
1000888,100390,"제네시스",4,2008,2013
1002502,100438,"더뉴 K3쿱",4,2016,2017
1003213,101292,"[크레인]뉴포터",4,1996,2004
1002505,100454,"티볼리 아머",4,2017,2019
1003167,101283,"[윙바디]봉고3 (EV)",4,2020,
1003509,101297,"[익스(하이)내장탑파워게이트]봉고3 EV",4,,
1001158,100269,"보냉탑",4,,
1002530,100462,"프리우스 프라임",4,2017,
1002775,101040,"더 뉴 코나",4,2020,
1003289,101270,"[홈로리]더뉴봉고3",4,2019,
1003347,101307,"[하이냉동탑]더뉴봉고3",4,2019,
1002703,100217,"더 뉴 그랜저 IG 하이브리드",4,2019,
1001804,100566,"포투 카브리오",4,2000,2015
1002238,100863,"디스커버리2",4,1999,2005
1001689,100514,"C클래스",4,,2007
1002929,100856,"컨버터블 (R57)",4,2009,2015
1002479,101031,"볼트",4,2016,
1003143,101275,"[냉동탑]포터2 (EV)",4,2019,
1001826,100572,ES330,4,2001,2006
1001304,100318,"에어로익스프레스(뉴)",4,,
1001025,100268,"뉴SM3",4,2005,2011
1001740,100539,"X6 M (E71)",4,2009,2014
1003353,101308,"[하이냉장탑]더뉴봉고3",4,2019,
1002603,101077,"팰리세이드",4,2018,2022
1001771,100548,"파사트",4,,2005
1002778,100405,"투싼 하이브리드(NX4)",4,2020,2023
1001694,100516,"S클래스",4,,2006
1001318,100432,"포르테쿱GDI",4,2009,2013
1003182,101285,"[파워게이트]봉고3 (EV)",4,2020,
1003125,101272,"[내장탑]봉고3 (EV)",4,2020,
1002998,101220,"토레스",4,2022,2024
1003195,101269,"[리프트]봉고프런티어",4,1998,2004
1002829,100402,"스포티지 5세대 하이브리드 (NQ5)",4,2021,2024
1001286,100344,"고소작업차",4,,
1003248,101293,"[운전교습용]더뉴봉고3",4,2019,
1002644,100294,QX50(P71A),4,2019,
1000796,100436,"레이",4,2011,2017
1000959,100423,i40,4,2011,2015
1002525,101047,"무쏘스포츠",4,2002,2006
1003031,100403,"더 뉴 싼타페 하이브리드",4,2021,2023
1001753,100540,A6,4,1994,2004
1003291,101300,"[윙바디파워게이트]봉고3",4,2004,2019
1001813,100570,"62s 렌들렛",4,2008,2010
1001818,100571,IS200,4,1998,2005
1002770,100357,"사료운반차",4,,
1001144,100296,"대우버스(BS)",4,,
1002257,100877,"컨티넨탈 GT 1세대",4,2003,2011
1003345,101306,"[하이내장탑]포터2 (EV)",4,2019,
1001873,100593,"어코드",4,,2007
1002578,100577,"NX 300",4,2017,2021
1002561,100408,"더 뉴 카니발",4,2018,2020
1003254,101280,"[보냉탑]라보",4,1991,2006
1002467,100433,"더 뉴 쏘울",4,2016,2019
1003152,101278,"[다용도탑]봉고3",4,2004,2019
1002457,100217,"그랜저 IG",5,2016,2019
1000841,100416,"스타렉스",5,1997,2007
1003148,101277,"[냉장탑]봉고3",5,2004,2019
1003525,100742,"마하-E",5,,
1002607,100462,"프리우스C",5,2018,2021
1003252,101278,"[다용도탑]리베로",5,2000,2007
1003387,101308,"[하이냉장탑]봉고3",5,2004,2019
1002475,100315,"쏘나타 뉴 라이즈",5,2017,2019
1003155,101280,"[보냉탑]뉴포터",5,1996,2004
1002046,100438,"더뉴 K3",5,2015,2018
1002623,100871,"더 뉴 니로",5,2019,2022
1001715,100527,"1M (E82)",5,2011,2012
1003161,101282,"[워크스루밴]뉴포터",5,1996,2004
1003488,100525,"5시리즈",5,,2003
1003170,101283,"[윙바디]포터2",5,2004,
1002499,100720,"아이오닉 일렉트릭",5,2016,2019
1001936,100642,M56,5,2010,2013
1001774,100548,"파사트 바리안트",5,1973,
1003186,101285,"[파워게이트]포터2",5,2004,
1002466,100578,"RX 450h(4세대)",5,2016,2022
1001842,100575,LS460,5,2006,2017
1003101,101264,"[카고]포터2 (EV)",5,2019,
1001829,100573,"뉴GS350",5,2012,
1003513,100524,"M3 6세대",5,2021,
1002214,100855,"쿠퍼 S",5,2001,2024
1002651,100481,"그랜드 C4 스페이스투어러",5,2018,
1003276,101292,"[크레인]봉고프런티어",5,1998,2004
1002576,100402,"스포티지 더 볼드",5,2018,2021
1003386,101293,"[운전교습용]봉고3",5,2004,2019
1000910,100297,"크루즈",5,2011,2014
1002942,101228,"VBUS 90",5,2022,
1003238,101295,"[엠블런스]리베로",5,2000,2007
1000784,100386,"다마스",5,1991,2003
1003510,101296,"[내장탑파워게이트]봉고3 EV",5,,
1002239,100863,"디스커버리",5,1989,1998
1002532,100404,"더 뉴 쏘렌토",5,2017,2020
1002309,100454,"티볼리 에어",5,2016,2023
1000833,100344,"사다리",5,,
1002229,100860,"쿠퍼 컨트리맨",5,2011,
1002292,100901,"308SW 2세대",5,2014,
1001787,100555,"골프 4세대",5,1997,2004
1001824,100572,"뉴ES300h",5,2012,2018
1001257,100216,"카고(5.5이상)",5,,
1001814,100357,"왕겨및톱밥운송",5,,
1002199,100843,"체로키",5,1984,2013
1000894,100411,"카렌스",5,1999,2002
1001350,100269,"익스탑",5,,
1000978,100268,SM3,5,2002,2005
1001847,100577,"NX 200t",5,2015,2017
1002554,100403,"싼타페 TM",5,2018,2020
1001010,100251,"뉴체어맨",5,2003,2008
1001088,100236,"코러스(뉴)",5,,
1003330,101304,"[저상내장탑]포터2 (EV)",5,2019,
1001026,100284,"뉴SM5",5,2005,2007
1001369,100281,XJS,5,1976,1996
1002490,100280,Q30,5,2016,
1003197,101266,"[캠핑]봉고프런티어",5,1998,2004
1001819,100571,IS250,5,2005,2013
1001342,100274,"마티즈2밴",5,2000,2005
1002303,100906,508GT,5,2011,2018
1003083,101267,"[고소작업차]포터",5,,1996
1003335,101305,"[저상냉동탑]봉고3 (LPG2.5터보)",5,2024,
1002320,100917,"500아바스",5,2007,
1003066,101268,"[덤프]봉고3",5,2004,2019
1001230,100296,"대우버스(BV)",5,,
1001121,100294,QX56,5,2004,2013
1001420,100318,"에어로퀸(뉴)",5,,
1003070,101269,"[셀프로더]더뉴봉고3",5,2019,
1001102,100309,"프라이드베타",5,,2000
1003282,101270,"[유조차]뉴포터",5,1996,2004
1003341,101306,"[하이내장탑]봉고3 (EV)",5,2020,
1002579,100325,"더 뉴 아반떼 AD",5,2018,2020
1003129,101272,"[내장탑]포터2",5,2004,
1002790,100353,"올 뉴 렉스턴 (Y450)",5,2020,2023
1003105,101274,"[스넥카]뉴포터",5,1996,2004
1001173,100360,"올 뉴 모닝",5,2011,2015
1001737,100538,"X5 M",5,2010,
1001406,100408,"올 뉴 카니발",5,2014,2018
1001675,100405,"올뉴투싼",5,2015,2020
1002218,100856,"컨버터블 (R52)",5,2004,2008
1003139,101275,"[냉동탑]봉고3 (EV)",5,2020,
1000958,100394,i30,5,2007,2011
1003057,101265,"[활어차]봉고3",5,2004,2019
1002776,101040,"더 뉴 코나 하이브리드",5,2020,
1002516,101046,"뉴코란도C",5,2013,2017
1002966,100528,"2시리즈 액티브 투어러 (U06)",5,2022,
1002657,100435,"더 뉴 K5 2세대 하이브리드",5,2018,2019
1001274,100434,"K7 하이브리드",5,2013,2016
1003348,101307,"[하이냉동탑]더뉴봉고3 (LPG)",5,2019,
1001070,100433,"올 뉴 쏘울",5,2013,2016
1002524,101047,"뉴무쏘밴",5,1998,2004
1001194,100432,"포르테하이브리드",5,2008,2013
1001168,100318,"에어로타운(e)",6,,
1003071,101269,"[셀프로더]봉고3",6,2004,2019
1003180,101285,"[파워게이트]더뉴봉고3",6,2019,
1001003,100360,"뉴 모닝",6,2008,2011
1000854,100433,"쏘울",6,2008,2013
1002023,100438,"K3 유로",6,2013,2016
1002496,100217,"그랜저 IG 하이브리드",6,2016,2019
1001211,100294,QX50,6,2014,2017
1003349,101307,"[하이냉동탑]봉고3",6,2004,2019
1003344,101306,"[하이-익스내장탑]포터2",6,2004,
1003241,101295,"[이동방제차]봉고3",6,2004,2019
1002943,101228,"VBUS 110B",6,2021,
1003055,101265,"[활어차]뉴포터",6,1996,2004
1001843,100575,LS430,6,2000,2006
1001177,100357,"음식물처리차량",6,,
1001820,100571,IS300,6,1998,2013
1003106,101274,"[스넥카]뉴포터 (LPG)",6,1996,2004
1001580,100454,"티볼리",6,2015,2017
1002915,100578,"RX 450hL(4세대)",6,2020,2022
1002497,100315,"쏘나타 뉴 라이즈 하이브리드",6,2017,2019
1003098,101264,"[카고]봉고3 (EV)",6,2020,
1002293,100901,308SW,6,2007,2014
1003215,101292,"[크레인]포터",6,,1996
1002040,100720,"아이오닉",6,2016,2019
1002816,100269,"하이내장탑",6,,
1001658,100402,"스포티지 4세대 (QL)",6,2015,2018
1002215,100855,"쿠퍼 D",6,2007,2019
1001626,100403,"싼타페 더 프라임",6,2015,2018
1003196,101266,"[캠핑]리베로",6,2000,2007
1002531,100462,"프리우스V",6,2012,2021
1002304,100906,"508 RXH",6,2014,2018
1001294,100296,"대우버스(BH)",6,,
1001042,100274,"마티즈밴",6,1998,2000
1000935,100309,"프라이드",6,,2000
1001830,100573,"뉴GS450h",6,2012,
1000979,100284,SM5,6,1998,2005
1001621,100435,"K5 2세대 SX",6,2015,2018
1003283,101270,"[홈로리]봉고3",6,2004,2019
1003503,100216,"카고 파워게이트",6,,
1002519,101046,"더뉴코란도스포츠",6,2016,2018
1002493,100353,"G4렉스턴",6,2017,2020
1003518,100525,"M5 7세대",6,2024,
1001382,100408,"카니발R",6,2010,2014
1001708,100524,"M3 (F80, E90)",6,2000,2020
1001786,100555,"골프 3세대",6,1991,1997
1001330,100281,XJR,6,1989,1993
1002495,101040,"코나",6,2017,2020
1003336,101305,"[저상냉동탑]포터2",6,2004,
1001306,100404,"올 뉴 쏘렌토",6,2014,2017
1001135,100405,"뉴 투싼iX",6,2013,2015
1003165,101283,"[윙바디]더뉴봉고3",6,2019,
1001827,100572,ES300,6,1991,2006
1003142,101275,"[냉동탑]포터2",6,2004,
1003064,101268,"[덤프]뉴포터",6,1996,2004
1003433,100860,"쿠퍼 S 컨트리맨 3세대",6,2024,
1001146,100434,"더 뉴 K7",6,2012,2016
1001647,100325,"아반떼 AD",6,2015,2018
1002523,101047,"뉴무쏘",6,1998,2004
1003157,101280,"[보냉탑]포터",6,,1996
1002321,100917,"500아바스 595",6,2007,
1000891,100251,"체어맨",6,1997,2003
1003122,101272,"[내장탑]더뉴봉고3",6,2019,
1002587,100871,"니로 EV",6,2018,2022
1003329,101304,"[저상내장탑]포터2",6,2004,
1002898,100528,"2시리즈 액티브 투어러 (F45)",6,2015,2022
1003225,101296,"[내장탑파워게이트]더뉴봉고3",6,2019,
1001844,100575,LS400,7,1989,2000
1003200,101268,"[덤프]봉고프런티어",7,1998,2004
1003332,101305,"[저상냉동탑]더뉴봉고3",7,2019,
1003506,100318,"유니시티",7,2011,2024
1001620,100435,"K5 2세대 MX",7,2015,2018
1003054,101264,"[카고]포터2",7,2004,
1001463,100315,"LF 쏘나타",7,2014,2017
1001397,100217,"그랜저 HG",7,2011,2016
1001290,100408,"뉴 카니발",7,2006,2014
1001297,100353,"렉스턴W",7,2012,2017
1003284,101270,"[유조차]포터",7,,1996
1003242,101295,"[이동방제차]봉고프런티어",7,1998,2004
1002216,100855,"쿠퍼 SD",7,2012,2019
1002501,100871,"니로 PHEV",7,2016,2019
1001098,100405,"투싼iX",7,2009,2013
1002230,100860,"쿠퍼 S 컨트리맨",7,2011,2024
1001418,100325,"더 뉴 아반떼",7,2013,2015
1001295,100402,"더 뉴 스포티지 R",7,2013,2015
1001032,100434,"더 프레스티지 K7",7,2011,2012
1003226,101296,"[내장탑파워게이트]봉고3",7,2004,2019
1003123,101272,"[내장탑]더뉴봉고3 (LPG)",7,2019,
1001245,100403,"싼타페 DM",7,2012,2015
1002522,101047,"무쏘밴",7,1993,1998
1003338,101306,"[하이내장탑]더뉴봉고3",7,2019,
1001117,100438,"K3 쿱",7,2013,2016
1003275,101292,"[크레인]리베로",7,2000,2007
1003512,100269,"내장탑 파워게이트",7,,
1001785,100555,"골프 2세대",7,1983,1991
1002294,100901,308GT,7,2014,2021
1000815,100360,"모닝",7,2004,2008
1003256,101280,"[보냉탑]봉고프런티어",7,1998,2004
1000975,100294,QX4,7,1996,2003
1003108,101274,"[스넥카]포터",7,,1996
1001821,100571,IS350,7,2005,2013
1001831,100573,GS300,7,1991,2012
1001849,100578,"RX 450h",7,2008,2015
1001226,100404,"뉴 쏘렌토 R",7,2012,2014
1003181,101285,"[파워게이트]봉고3",7,2004,2019
1003136,101275,"[냉동탑]더뉴봉고3",7,2019,
1003040,100528,M2(G87),7,2023,
1003166,101283,"[윙바디]봉고3",7,2004,2019
1002704,101040,"코나 하이브리드",7,2019,2020
1001308,100357,"이동무대차",7,,
1002515,101046,"코란도C",7,2011,2013
1001300,100274,"마티즈2",7,2000,2005
1003325,101304,"[저상내장탑]더뉴봉고3",7,2019,
1003465,101266,"[캠핑]트레일러",7,,
1001713,100525,"M5 (F90, F10)",7,2005,2024
1002322,100917,"500아바스 695",7,2007,
1003193,101265,"[활어차]봉고프런티어",7,1998,2004
1001340,100296,"대우버스(BX)",7,,
1002787,100578,"RX 450hL",8,2009,2015
1000810,100274,"마티즈",8,1998,2000
1003058,101265,"[활어차]포터",8,,1996
1001654,100357,"이동목욕차",8,,
1001416,100217,"그랜저 HG 하이브리드",8,2013,2017
1003278,101285,"[파워게이트]뉴라보",8,2008,
1001372,100296,"대우버스(FX)",8,,
1001164,100404,"쏘렌토 R",8,2009,2012
1001784,100555,"골프 1세대",8,1974,1983
1003168,101283,"[윙바디]봉고3 (LPG)",8,2004,2019
1003257,101280,"[보냉탑]와이드봉고",8,1989,1997
1001542,100315,"LF 쏘나타 하이브리드",8,2014,2017
1002217,100855,"원",8,2007,
1002917,100269,"익스(하이)내장탑 파워게이트",8,,
1002558,101040,"코나 일렉트릭",8,2018,2023
1001243,100402,"스포티지 R",8,2010,2013
1003102,101264,"[카고]포터2 (LPG)",8,2004,
1003109,101274,"[스넥카]포터 (LPG)",8,,1996
1000961,100438,K3,8,2012,2015
1002664,100294,QX30,8,2016,
1002521,101047,"무쏘",8,1993,1998
1001822,100571,"IS F",8,2007,2014
1000920,100405,"투싼",8,2004,2009
1001448,100318,"유니버스",8,,
1002048,100435,"K5 2세대 하이브리드",8,2015,2018
1003339,101306,"[하이내장탑]더뉴봉고3 (LPG)",8,2019,
1003243,101295,"[이동세탁차]봉고3",8,2004,2019
1003333,101305,"[저상냉동탑]봉고3",8,2004,2019
1003137,101275,"[냉동탑]더뉴봉고3 (LPG)",8,2019,
1001240,100353,"슈퍼렉스턴",8,2008,2012
1003124,101272,"[내장탑]봉고3",8,2004,2019
1001718,100528,"M2 (F87)",8,2016,2023
1003287,101270,"[유조차]봉고프런티어",8,1998,2004
1000963,100434,K7,8,2009,2011
1001163,100403,"싼타페 더 스타일",8,2009,2012
1001335,100408,"그랜드카니발",8,2005,2014
1002518,101046,"코란도스포츠",8,2012,2016
1003326,101304,"[저상내장탑]봉고3",8,2004,2019
1001404,100325,"아반떼 쿠페",8,2013,2015
1003067,101268,"[덤프]포터",8,,1996
1002250,100871,"니로",8,2016,2019
1001833,100573,GS350,8,1997,2012
1003400,101295,"[이동정비차]더뉴봉고3",9,2019,
1001850,100578,"RX 400h",9,2003,2009
1003126,101272,"[내장탑]봉고3 (LPG)",9,2004,2019
1001151,100353,"렉스턴2",9,2006,2008
1003279,101285,"[파워게이트]라보",9,1991,2006
1001138,100402,"뉴 스포티지",9,2004,2010
1003164,101283,"[윙바디]뉴포터",9,1996,2004
1001380,100325,"아반떼 MD",9,2010,2013
1001628,100296,"레스타",9,2012,
1003050,101264,"[카고]더뉴봉고3",9,2019,
1003357,101275,"[냉동탑]봉고3",9,2004,2019
1003288,101270,"[이동주유]라보",9,1991,2006
1003198,101268,"[덤프]라보",9,1991,2006
1001145,100435,"더 뉴 K5",9,2013,2015
1002513,101046,"뉴코란도",9,1996,2005
1001373,100217,"더 럭셔리 그랜저",9,2009,2011
1001006,100404,"뉴 쏘렌토",9,2006,2009
1001625,100315,"LF 쏘나타 PHEV",9,2015,2017
1003255,101280,"[보냉탑]리베로",9,2000,2007
1003340,101306,"[하이내장탑]봉고3",9,2004,2019
1001258,100408,"카니발2밴",9,2001,2005
1003192,101265,"[활어차]리베로",9,2000,2007
1002483,100357,"이동세탁차",9,,
1001250,100269,"윙바디",9,,
1003244,101274,"[스넥카]리베로",9,2000,2007
1001059,100403,"싼타페 CM",9,2005,2012
1001834,100573,GS400,9,1997,2005
1001387,100318,"하이스페이스(뉴)",9,,
